
@{{BLOCK(level_2_painted_bg_bn_gfx)

@=======================================================================
@
@	level_2_painted_bg_bn_gfx, 512x1536@4, 
@	+ palette 16 entries, not compressed
@	+ 117 tiles (t|f|p reduced) not compressed
@	+ regular map (in SBBs), not compressed, 64x192 
@	Total size: 32 + 3744 + 24576 = 28352
@
@	Time-stamp: 2026-06-04, 15:19:05
@	Exported by Cearn's GBA Image Transmogrifier, v0.9.2
@	( http://www.coranac.com/projects/#grit )
@
@=======================================================================

	.section .rodata
	.align	2
	.global level_2_painted_bg_bn_gfxTiles		@ 3744 unsigned chars
	.hidden level_2_painted_bg_bn_gfxTiles
level_2_painted_bg_bn_gfxTiles:
	.word 0x00000000,0x00000000,0x00000000,0x00000000,0x00000000,0x00000000,0x00000000,0x00000000
	.word 0x11111111,0x11111111,0x11111111,0x11111111,0x11111111,0x11111111,0x11111111,0x11111111
	.word 0xDDDDDDDD,0xDDDDDDDD,0xDDDDDDDD,0xDDDDDDDD,0xDDDDDDDD,0xDDDDDDDD,0xDDDDDDDD,0xDDDDDDDD
	.word 0x22222222,0x22222222,0x22222222,0x22222222,0x22222222,0x22222222,0x22222222,0x22222222
	.word 0x33333331,0x22222223,0x22222222,0x22222222,0x22222222,0x22222222,0x22222221,0x11111111
	.word 0x11333333,0x13222222,0x12222222,0x12222222,0x12222222,0x12222222,0x11222222,0x11111111
	.word 0xDDDDDDDD,0xDDDDDDDD,0xDDDDDDDD,0xDDDDDDDD,0xDDDDDDDD,0xDDDDEDDD,0xDDDEEEDD,0xDDEEEEED
	.word 0x12222222,0x12222222,0x12222222,0x12222222,0x12222222,0x12222222,0x12222222,0x12222222

	.word 0x21111111,0x11111111,0x11111111,0x11111111,0x11111111,0x11111111,0x11111111,0x21111111
	.word 0xEDDEEEDD,0xEEDDEDDE,0xDEEDDDEE,0xDDEEDEED,0xDDDEEEDD,0xDDEEEEED,0xDEEEEEEE,0xEEEEEEEE
	.word 0xEEEEEEEE,0xEEEEEEEE,0xEEEEEEEE,0xEEEEEEEE,0xEEEEEEEE,0xEEEEFEEE,0xEEEFFFEE,0xEEFFFFFE
	.word 0xBBBBBBBB,0xBBBBBBBB,0xBBBBBBBB,0xBBBBBBBB,0xBBBAABBB,0xBBAAAABB,0xBAAAAAAB,0xAAAAAAAA
	.word 0x3333331B,0x22222231,0x22222221,0x22222221,0x22222221,0x22222221,0x22222211,0x1111111A
	.word 0xFEEFFFEE,0xFFEEFEEF,0xFFFEEEFF,0xFFFFEFFF,0xCFFFFFFF,0xCCFFFFFC,0xCCCFFFCC,0xCCCCFCCC
	.word 0xAAAAAAAA,0xAAAAAAAA,0xAAAAAAAA,0xAAAAAAAA,0xAAAAAAAA,0xAAAAAAAA,0xAAAAAAAA,0xAAAAAAAA
	.word 0xCCCCCCCC,0xCCCCCCCC,0xCCCCCCCC,0xCCCCCCCC,0xCCCCCCCC,0xCCCCCCCC,0xCCCCCCCC,0xCCCCCCCC

	.word 0x3333331A,0x22222231,0x22222221,0x22222221,0x22222221,0x22222221,0x22222211,0x1111111A
	.word 0xAAAAAAAA,0xAAAAAAAA,0xAAAAAAAA,0xAAAAAAAA,0xAAA99AAA,0xAA9999AA,0xA999999A,0x99999999
	.word 0x3333331A,0x22222231,0x22222221,0x22222221,0x22222221,0x22222221,0x22222211,0x11111119
	.word 0x99999999,0x99999999,0x99999999,0x99999999,0x99999999,0x99999999,0x99999999,0x99999999
	.word 0xCCCCCCCC,0xDCCCCCCC,0xDDCCCCCD,0xDDDCCCDD,0xDDCCDCCD,0xDCCDDDCC,0xCCDDCDDC,0xCDDCCCDD
	.word 0x33333319,0x22222231,0x22222221,0x22222221,0x22222221,0x22222221,0x22222211,0x11111119
	.word 0x99999999,0x99999999,0x99999999,0x99999999,0x99999999,0x99999999,0x49999999,0x49999999
	.word 0xDDCCCCCD,0xDDDCCCDD,0xDDDDCDDD,0xDDDDDDDD,0xDDDDDDDD,0xDDDDDDDD,0xDDDDDDDD,0xDDDDDDDD

	.word 0x99999999,0x99999999,0x99999999,0x99999999,0x99999999,0x99999999,0x99999991,0x99999991
	.word 0x34499999,0x33499999,0x33344999,0x33334999,0x33333449,0x33333349,0x33333334,0x33333333
	.word 0x99999112,0x99999122,0x99911222,0x99912222,0x91122222,0x91222222,0x12222222,0x22222222
	.word 0x91111111,0x11111111,0x11111111,0x11111111,0x11111111,0x11111111,0x11111111,0x91111111
	.word 0x99999999,0x99999999,0x99999999,0x99999999,0x99988999,0x99888899,0x98888889,0x88888888
	.word 0x19999999,0x19999999,0x99999999,0x99999999,0x99988999,0x99888899,0x98888889,0x88888888
	.word 0x22222222,0x22222221,0x22222219,0x22222119,0x22221999,0x22211899,0x22188889,0x21188888
	.word 0x11111111,0x11111111,0x11111112,0x22222222,0x22222222,0x22222222,0x22222222,0x22222222

	.word 0x11111111,0x11111111,0x11111111,0x22222222,0x22222222,0x22222222,0x22222222,0x22222222
	.word 0x11111111,0x11111111,0x91111111,0x91111111,0x99911111,0x99811111,0x98888111,0x88888111
	.word 0x33333319,0x22222231,0x22222221,0x22222221,0x22222221,0x22222221,0x22222211,0x11111118
	.word 0x91111111,0x11111111,0x11111111,0x11111111,0x11111111,0x11111111,0x11111111,0x81111111
	.word 0x88888888,0x88888888,0x88888888,0x88888888,0x88888888,0x88888888,0x88888888,0x88888888
	.word 0x18888888,0x18888888,0x88888888,0x88888888,0x88888888,0x88888888,0x88888888,0x88888888
	.word 0x22222222,0x22222221,0x22222218,0x22222118,0x22221888,0x22211888,0x22188888,0x21188888
	.word 0x11111111,0x11111111,0x81111111,0x81111111,0x88811111,0x88811111,0x88888111,0x88888111

	.word 0x33333318,0x22222231,0x22222221,0x22222221,0x22222221,0x22222221,0x22222211,0x11111118
	.word 0x81111111,0x11111111,0x11111111,0x11111111,0x11111111,0x11111111,0x11111111,0x81111111
	.word 0x18888888,0x88888888,0x88888888,0x88888888,0x88888888,0x88888888,0x88888888,0x88888888
	.word 0x88888888,0x88888888,0x88888888,0x88888888,0x88877888,0x88777788,0x87777778,0x77777777
	.word 0x77777777,0x77777777,0x77777777,0x77777777,0x77777777,0x77777777,0x77777777,0x77777777
	.word 0x77777777,0x77777777,0x77777777,0x77777777,0x77766777,0x77666677,0x76666667,0x66666666
	.word 0x66666666,0x66666666,0x66666666,0x66666666,0x66666666,0x66666666,0x66666666,0x66666666
	.word 0x66666666,0x66666666,0x66666666,0x66666666,0x66655666,0x66555566,0x65555556,0x55555555

	.word 0x55555555,0x55555555,0x55555555,0x55555555,0x55555555,0x55555555,0x55555555,0x55555555
	.word 0x44444445,0x33333334,0x33333334,0x33333334,0x33333334,0x33333334,0x33333334,0x22222225
	.word 0x51111111,0x12222222,0x12222222,0x12222222,0x12222222,0x12222222,0x12222222,0x51111111
	.word 0x44444445,0x33333334,0x33333334,0x33333334,0x33333334,0x33333334,0x33333334,0x22222226
	.word 0x22444444,0x24333333,0x23333333,0x23333333,0x23333333,0x23333333,0x22333333,0x22222222
	.word 0x51111111,0x12222222,0x12222222,0x12222222,0x12222222,0x12222222,0x12222222,0x61111111
	.word 0x44444446,0x33333334,0x33333334,0x33333334,0x33333334,0x33333334,0x33333334,0x22222225
	.word 0x44444442,0x33333334,0x33333333,0x33333333,0x33333333,0x33333333,0x33333332,0x22222222

	.word 0xB1111111,0x11111111,0x11111111,0x11111111,0x11111111,0x11111111,0x11111111,0xA1111111
	.word 0xA1111111,0x11111111,0x11111111,0x11111111,0x11111111,0x11111111,0x11111111,0xA1111111
	.word 0xC1111111,0x11111111,0x11111111,0x11111111,0x11111111,0x11111111,0x11111111,0xC1111111
	.word 0xA1111111,0x11111111,0x11111111,0x11111111,0x11111111,0x11111111,0x11111111,0x91111111
	.word 0x11111111,0x11111111,0x91111111,0x91111111,0x99911111,0x99911111,0x99999111,0x99999111
	.word 0x88888888,0x88888888,0x88888888,0x88888888,0x88877888,0x88777788,0x47777778,0x47777777
	.word 0x88888888,0x88888888,0x88888888,0x88888888,0x88877888,0x88777788,0x87777771,0x77777771
	.word 0x77777777,0x77777777,0x77777777,0x77777777,0x77777777,0x77777777,0x47777777,0x47777777

	.word 0x34477777,0x33477777,0x33344777,0x33334777,0x33333447,0x33333347,0x33333334,0x33333333
	.word 0x77777112,0x77777122,0x77711222,0x77712222,0x71122222,0x71222222,0x12222222,0x22222222
	.word 0x77777777,0x77777777,0x77777777,0x77777777,0x77777777,0x77777777,0x77777771,0x77777771
	.word 0x11111111,0x11111111,0x71111111,0x71111111,0x77711111,0x77711111,0x77777111,0x77777111
	.word 0x17777777,0x77777777,0x77777777,0x77777777,0x77766777,0x77666677,0x76666667,0x66666666
	.word 0x55555555,0x65555556,0x66555566,0x66655666,0x66666666,0x66666666,0x66666666,0x46666666
	.word 0x55555555,0x65555556,0x66555566,0x66655666,0x66666666,0x66666666,0x66666666,0x66666661
	.word 0x66666666,0x66666666,0x66666666,0x66666666,0x66655666,0x66555566,0x45555556,0x45555555

	.word 0x34466666,0x33466666,0x33344666,0x33334666,0x33333446,0x33333346,0x33333334,0x33333333
	.word 0x66666112,0x66666122,0x66611222,0x66612222,0x61122222,0x61222222,0x12222222,0x22222222
	.word 0x66666666,0x66666666,0x66666666,0x66666666,0x66655666,0x66555566,0x65555551,0x55555551
	.word 0x55555555,0x55555555,0x55555555,0x55555555,0x55555555,0x55555555,0x45555555,0x45555555
	.word 0x34455555,0x33455555,0x33344555,0x33334555,0x33333445,0x33333345,0x33333334,0x33333333
	.word 0x33333333,0x33333333,0x33333333,0x33333333,0x33333333,0x33333333,0x33333333,0x33333333
	.word 0x55555112,0x55555122,0x55511222,0x55512222,0x51122222,0x51222222,0x12222222,0x22222222
	.word 0x55555555,0x55555555,0x55555555,0x55555555,0x55555555,0x55555555,0x55555551,0x55555551

	.word 0x33333333,0x33333333,0x33333333,0x33333333,0x33333333,0x33333333,0x13333333,0x13333333
	.word 0x33333333,0x33333333,0x33333333,0x33333333,0x33333333,0x11111111,0x11111111,0x11111111
	.word 0x22222222,0x22222222,0x22222222,0x22222222,0x22222222,0x22222222,0x22222221,0x22222221
	.word 0x11111111,0x11111111,0x51111111,0x51111111,0x55511111,0x55511111,0x55555111,0x55555111
	.word 0x55555555,0x55555555,0x55555555,0x55555555,0x55555555,0x55555555,0x55555555,0x45555555
	.word 0x55555555,0x55555555,0x55555555,0x55555555,0x55555555,0x55555555,0x55555555,0x55555551
	.word 0x55555555,0x65555556,0x66555566,0x66655666,0x66666666,0x66666666,0x46666666,0x46666666
	.word 0x34455555,0x33455556,0x33344566,0x33334666,0x33333446,0x33333346,0x33333334,0x33333333

	.word 0x55555112,0x65555122,0x66511222,0x66612222,0x61122222,0x61222222,0x12222222,0x22222222
	.word 0x55555555,0x65555556,0x66555566,0x66655666,0x66666666,0x66666666,0x66666661,0x66666661
	.word 0x66666666,0x66666666,0x66666666,0x66666666,0x66666666,0x66666666,0x46666666,0x46666666
	.word 0x66666666,0x66666666,0x66666666,0x66666666,0x66666666,0x66666666,0x66666661,0x66666661
	.word 0x44444446,0x33333334,0x33333334,0x33333334,0x33333334,0x33333334,0x33333334,0x22222226
	.word 0x66666666,0x76666667,0x77666677,0x77766777,0x77777777,0x77777777,0x47777777,0x47777777
	.word 0x34466666,0x33466667,0x33344677,0x33334777,0x33333447,0x33333347,0x33333334,0x33333333
	.word 0x66666112,0x76666122,0x77611222,0x77712222,0x71122222,0x71222222,0x12222222,0x22222222

	.word 0x66666666,0x76666667,0x77666677,0x77766777,0x77777777,0x77777777,0x77777771,0x77777771
	.word 0x44444446,0x33333334,0x33333334,0x33333334,0x33333334,0x33333334,0x33333334,0x22222227
	.word 0x44444441,0x33333331,0x33333334,0x33333334,0x33333334,0x33333334,0x33333334,0x22222227
	.word 0x44444448,0x33333334,0x33333334,0x33333334,0x33333334,0x33333334,0x33333334,0x22222228
	.word 0x44444448,0x33333334,0x33333334,0x33333334,0x33333334,0x33333334,0x33333334,0x22222229
	.word 0x44444449,0x33333334,0x33333334,0x33333334,0x33333334,0x33333334,0x33333334,0x22222229
	.word 0x31111111,0x12222222,0x12222222,0x12222222,0x12222222,0x12222222,0x12222222,0x31111111
	.word 0x44444442,0x33333334,0x33333334,0x33333334,0x33333334,0x33333334,0x33333334,0x22222221

	.word 0xC1111111,0x12222222,0x12222222,0x12222222,0x12222222,0x12222222,0x12222222,0xC1111111
	.word 0x11111111,0x11111111,0x61111111,0x61111111,0x66611111,0x66611111,0x66666111,0x66666111
	.word 0xD1111111,0x12222222,0x12222222,0x12222222,0x12222222,0x12222222,0x12222222,0xD1111111
	.word 0x61111111,0x12222222,0x12222222,0x12222222,0x12222222,0x12222222,0x12222222,0x61111111
	.word 0x61111111,0x12222222,0x12222222,0x12222222,0x12222222,0x12222222,0x12222222,0x71111111
	.word 0x71111111,0x12222222,0x12222222,0x12222222,0x12222222,0x12222222,0x12222222,0x71111111
	.word 0x44444447,0x33333334,0x33333334,0x33333334,0x33333334,0x33333334,0x33333334,0x22222227
	.word 0x71111111,0x12222222,0x12222222,0x12222222,0x12222222,0x12222222,0x12222222,0x81111111

	.word 0x81111111,0x12222222,0x12222222,0x12222222,0x12222222,0x12222222,0x12222222,0x81111111
	.word 0x91111111,0x12222222,0x12222222,0x12222222,0x12222222,0x12222222,0x12222222,0x91111111
	.word 0xE1111111,0x11111111,0x11111111,0x11111111,0x11111111,0x11111111,0x11111111,0xE1111111
	.word 0xD1111111,0x11111111,0x11111111,0x11111111,0x11111111,0x11111111,0x11111111,0xD1111111
	.word 0xE1111111,0x12222222,0x12222222,0x12222222,0x12222222,0x12222222,0x12222222,0xE1111111

	.section .rodata
	.align	2
	.global level_2_painted_bg_bn_gfxMap		@ 24576 unsigned chars
	.hidden level_2_painted_bg_bn_gfxMap
level_2_painted_bg_bn_gfxMap:
	.hword 0x0001,0x0001,0x0001,0x0002,0x0002,0x0002,0x0002,0x0003
	.hword 0x0003,0x0003,0x0003,0x0003,0x0003,0x0003,0x0003,0x0003
	.hword 0x0003,0x0003,0x0003,0x0003,0x0004,0x0005,0x0004,0x0005
	.hword 0x0004,0x0005,0x0001,0x0405,0x0005,0x0004,0x0005,0x0003
	.hword 0x0001,0x0001,0x0001,0x0006,0x0006,0x0006,0x0006,0x0003
	.hword 0x0003,0x0003,0x0003,0x0003,0x0003,0x0003,0x0003,0x0003
	.hword 0x0003,0x0003,0x0004,0x0005,0x0007,0x0004,0x0005,0x0003
	.hword 0x0004,0x0005,0x0001,0x0001,0x0001,0x0405,0x0005,0x0004

	.hword 0x0001,0x0001,0x0008,0x0009,0x0009,0x0009,0x0009,0x0003
	.hword 0x0003,0x0003,0x0003,0x0003,0x0003,0x0003,0x0003,0x0003
	.hword 0x0004,0x0005,0x0004,0x0005,0x0003,0x0003,0x0003,0x0003
	.hword 0x0003,0x0003,0x0001,0x0001,0x0001,0x0001,0x0001,0x0405
	.hword 0x0008,0x0005,0x0004,0x000A,0x000A,0x000A,0x000A,0x0004
	.hword 0x0005,0x0003,0x0003,0x0003,0x0003,0x0003,0x0003,0x0003
	.hword 0x0007,0x0004,0x0005,0x0003,0x0003,0x0003,0x0003,0x0003
	.hword 0x0004,0x0005,0x0001,0x0001,0x0001,0x0001,0x0001,0x0001

	.hword 0x000B,0x000B,0x000C,0x000D,0x000D,0x000D,0x000D,0x0005
	.hword 0x0003,0x0003,0x0003,0x0003,0x0003,0x0003,0x0003,0x0003
	.hword 0x0003,0x0003,0x0003,0x0003,0x0003,0x0003,0x0003,0x0003
	.hword 0x0003,0x0003,0x0001,0x0001,0x0001,0x0001,0x0001,0x0001
	.hword 0x000E,0x000E,0x000E,0x000F,0x000F,0x000F,0x000F,0x0003
	.hword 0x0003,0x0003,0x0003,0x0003,0x0003,0x0003,0x0003,0x0003
	.hword 0x0003,0x0003,0x0003,0x0003,0x0003,0x0003,0x0003,0x0004
	.hword 0x0005,0x0003,0x0001,0x0001,0x0001,0x0001,0x0001,0x0001

	.hword 0x000E,0x000E,0x000E,0x000F,0x000F,0x000F,0x000F,0x0005
	.hword 0x0007,0x0004,0x0005,0x0003,0x0003,0x0003,0x0003,0x0003
	.hword 0x0003,0x0003,0x0003,0x0003,0x0003,0x0003,0x0004,0x0005
	.hword 0x0003,0x0003,0x0001,0x0001,0x0001,0x0001,0x0001,0x0001
	.hword 0x000E,0x000E,0x000E,0x000F,0x000F,0x000F,0x000F,0x000E
	.hword 0x0010,0x0005,0x0004,0x0005,0x0003,0x0003,0x0003,0x0003
	.hword 0x0003,0x0003,0x0003,0x0003,0x0003,0x0003,0x0003,0x0003
	.hword 0x0003,0x0003,0x0001,0x0001,0x0001,0x0001,0x0001,0x0001

	.hword 0x000E,0x000E,0x000E,0x000F,0x000F,0x000F,0x000F,0x000E
	.hword 0x000E,0x000E,0x0010,0x0005,0x0004,0x0005,0x0003,0x0003
	.hword 0x0003,0x0003,0x0003,0x0003,0x0003,0x0003,0x0003,0x0003
	.hword 0x0003,0x0003,0x0001,0x0001,0x0001,0x0001,0x0001,0x0001
	.hword 0x000E,0x000E,0x000E,0x000F,0x000F,0x000F,0x000F,0x000E
	.hword 0x000E,0x000E,0x000E,0x000E,0x0010,0x0005,0x0007,0x0004
	.hword 0x0005,0x0003,0x0003,0x0003,0x0003,0x0003,0x0003,0x0003
	.hword 0x0003,0x0003,0x0001,0x0001,0x0001,0x0001,0x0001,0x0001

	.hword 0x0011,0x0011,0x0011,0x000F,0x000F,0x000F,0x000F,0x0011
	.hword 0x0011,0x0011,0x0011,0x0011,0x0011,0x0011,0x0012,0x0005
	.hword 0x0004,0x0005,0x0007,0x0004,0x0005,0x0003,0x0003,0x0003
	.hword 0x0003,0x0003,0x0001,0x0001,0x0001,0x0001,0x0001,0x0001
	.hword 0x0013,0x0013,0x0013,0x0014,0x0014,0x0014,0x0014,0x0013
	.hword 0x0013,0x0013,0x0013,0x0013,0x0013,0x0013,0x0013,0x0013
	.hword 0x0015,0x0005,0x0004,0x0005,0x0004,0x0005,0x0003,0x0003
	.hword 0x0003,0x0003,0x0001,0x0001,0x0001,0x0001,0x0001,0x0001

	.hword 0x0013,0x0013,0x0016,0x0017,0x0017,0x0017,0x0017,0x0018
	.hword 0x0013,0x0013,0x0013,0x0013,0x0013,0x0013,0x0013,0x0013
	.hword 0x0013,0x0013,0x0015,0x0005,0x0004,0x0005,0x0003,0x0003
	.hword 0x0003,0x0003,0x0001,0x0001,0x0001,0x0001,0x0001,0x0001
	.hword 0x0013,0x0016,0x0019,0x0002,0x0002,0x0002,0x0002,0x001A
	.hword 0x0018,0x0013,0x0013,0x0013,0x0013,0x0013,0x0013,0x0013
	.hword 0x0013,0x0013,0x0013,0x0013,0x0015,0x0005,0x0007,0x0004
	.hword 0x0005,0x0003,0x0001,0x0001,0x0001,0x0001,0x0001,0x001B

	.hword 0x001C,0x001D,0x001E,0x001F,0x0020,0x0001,0x0001,0x0021
	.hword 0x041D,0x001C,0x001C,0x001C,0x001C,0x001C,0x001C,0x001C
	.hword 0x001C,0x001C,0x001C,0x001C,0x001C,0x001C,0x0022,0x0005
	.hword 0x0004,0x0005,0x0001,0x0001,0x0001,0x0023,0x001C,0x001C
	.hword 0x0024,0x0024,0x0025,0x0026,0x0003,0x0001,0x0027,0x0425
	.hword 0x0024,0x0024,0x0024,0x0024,0x0024,0x0024,0x0024,0x0024
	.hword 0x0024,0x0024,0x0024,0x0024,0x0024,0x0024,0x0024,0x0024
	.hword 0x0028,0x0005,0x0001,0x0029,0x0024,0x0024,0x0024,0x0024

	.hword 0x0024,0x0024,0x0024,0x0025,0x0026,0x0027,0x0425,0x0024
	.hword 0x0024,0x0024,0x0024,0x0024,0x0024,0x0024,0x0024,0x0024
	.hword 0x0024,0x0024,0x0024,0x0024,0x0024,0x0024,0x0024,0x0024
	.hword 0x0024,0x0024,0x0024,0x0024,0x0024,0x0024,0x0024,0x0024
	.hword 0x0024,0x0024,0x0024,0x0024,0x002A,0x042A,0x0024,0x0024
	.hword 0x0024,0x0024,0x0024,0x0024,0x0024,0x0024,0x0024,0x0024
	.hword 0x0024,0x0024,0x0024,0x0024,0x0024,0x0024,0x0024,0x0024
	.hword 0x0024,0x0024,0x0024,0x0024,0x0024,0x0024,0x0024,0x0024

	.hword 0x002B,0x002B,0x002B,0x002B,0x002B,0x002B,0x002B,0x002B
	.hword 0x002B,0x002B,0x002B,0x002B,0x002B,0x002B,0x002B,0x002B
	.hword 0x002B,0x002B,0x002B,0x002B,0x002B,0x002B,0x002B,0x002B
	.hword 0x002B,0x002B,0x002B,0x002B,0x002B,0x002B,0x002B,0x002B
	.hword 0x002C,0x002C,0x002C,0x002C,0x002C,0x002C,0x002C,0x002C
	.hword 0x002C,0x002C,0x002C,0x002C,0x002C,0x002C,0x002C,0x002C
	.hword 0x002C,0x002C,0x002C,0x002C,0x002C,0x002C,0x002C,0x002C
	.hword 0x002C,0x002C,0x002C,0x002C,0x002C,0x002C,0x002C,0x002C

	.hword 0x002C,0x002C,0x002C,0x002C,0x002C,0x002C,0x002C,0x002C
	.hword 0x002C,0x002C,0x002C,0x002C,0x002C,0x002C,0x002C,0x002C
	.hword 0x002C,0x002C,0x002C,0x002C,0x002C,0x002C,0x002C,0x002C
	.hword 0x002C,0x002C,0x002C,0x002C,0x002C,0x002C,0x002C,0x002C
	.hword 0x002C,0x002C,0x002C,0x002C,0x002C,0x002C,0x002C,0x002C
	.hword 0x002C,0x002C,0x002C,0x002C,0x002C,0x002C,0x002C,0x002C
	.hword 0x002C,0x002C,0x002C,0x002C,0x002C,0x002C,0x002C,0x002C
	.hword 0x002C,0x002C,0x002C,0x002C,0x002C,0x002C,0x002C,0x002C

	.hword 0x002D,0x002D,0x002D,0x002D,0x002D,0x002D,0x002D,0x002D
	.hword 0x002D,0x002D,0x002D,0x002D,0x002D,0x002D,0x002D,0x002D
	.hword 0x002D,0x002D,0x002D,0x002D,0x002D,0x002D,0x002D,0x002D
	.hword 0x002D,0x002D,0x002D,0x002D,0x002D,0x002D,0x002D,0x002D
	.hword 0x002E,0x002E,0x002E,0x002E,0x002E,0x002E,0x002E,0x002E
	.hword 0x002E,0x002E,0x002E,0x002E,0x002E,0x002E,0x002E,0x002E
	.hword 0x002E,0x002E,0x002E,0x002E,0x002E,0x002E,0x002E,0x002E
	.hword 0x002E,0x002E,0x002E,0x002E,0x002E,0x002E,0x002E,0x002E

	.hword 0x002E,0x002E,0x002E,0x002E,0x002E,0x002E,0x002E,0x002E
	.hword 0x002E,0x002E,0x002E,0x002E,0x002E,0x002E,0x002E,0x002E
	.hword 0x002E,0x002E,0x002E,0x002E,0x002E,0x002E,0x002E,0x002E
	.hword 0x002E,0x002E,0x002E,0x002E,0x002E,0x002E,0x002E,0x002E
	.hword 0x002F,0x002F,0x002F,0x002F,0x002F,0x002F,0x002F,0x002F
	.hword 0x002F,0x002F,0x002F,0x002F,0x002F,0x002F,0x002F,0x002F
	.hword 0x002F,0x002F,0x002F,0x002F,0x002F,0x002F,0x002F,0x002F
	.hword 0x002F,0x002F,0x002F,0x002F,0x002F,0x002F,0x002F,0x002F

	.hword 0x0030,0x0030,0x0030,0x0030,0x0030,0x0030,0x0030,0x0030
	.hword 0x0030,0x0030,0x0030,0x0030,0x0030,0x0030,0x0030,0x0030
	.hword 0x0030,0x0030,0x0030,0x0030,0x0030,0x0030,0x0030,0x0030
	.hword 0x0030,0x0031,0x0032,0x0030,0x0030,0x0030,0x0030,0x0030
	.hword 0x0C2F,0x0C2F,0x0C2F,0x0C2F,0x0C2F,0x0C2F,0x0C2F,0x0C2F
	.hword 0x0C2F,0x0C2F,0x0C2F,0x0C2F,0x0C2F,0x0C2F,0x0C2F,0x0C2F
	.hword 0x0C2F,0x0C2F,0x0C2F,0x0C2F,0x0C2F,0x0C2F,0x0C2F,0x0C2F
	.hword 0x0033,0x0034,0x0405,0x0035,0x0C2F,0x0C2F,0x0C2F,0x0C2F

	.hword 0x002F,0x002F,0x002F,0x002F,0x002F,0x002F,0x002F,0x002F
	.hword 0x002F,0x002F,0x002F,0x002F,0x002F,0x002F,0x002F,0x002F
	.hword 0x002F,0x002F,0x002F,0x002F,0x002F,0x002F,0x002F,0x0036
	.hword 0x0034,0x0037,0x0404,0x0405,0x0835,0x002F,0x002F,0x002F
	.hword 0x0030,0x0030,0x0030,0x0030,0x0030,0x0030,0x0030,0x0030
	.hword 0x0030,0x0030,0x0030,0x0030,0x0030,0x0030,0x0030,0x0030
	.hword 0x0030,0x0030,0x0030,0x0030,0x0030,0x0030,0x0031,0x0034
	.hword 0x0037,0x0034,0x0405,0x0404,0x0405,0x0032,0x0030,0x0030

	.hword 0x0030,0x0030,0x0030,0x0030,0x0030,0x0030,0x0030,0x0030
	.hword 0x0030,0x0030,0x0030,0x0030,0x0030,0x0030,0x0030,0x0030
	.hword 0x0030,0x0030,0x0030,0x0030,0x0030,0x0031,0x0034,0x0037
	.hword 0x0034,0x0037,0x0404,0x0405,0x0404,0x0405,0x0032,0x0030
	.hword 0x0030,0x0030,0x0030,0x0030,0x0030,0x0030,0x0030,0x0030
	.hword 0x0030,0x0030,0x0030,0x0030,0x0030,0x0030,0x0030,0x0030
	.hword 0x0030,0x0030,0x0030,0x0030,0x0031,0x0034,0x0037,0x0034
	.hword 0x0037,0x0034,0x0405,0x0404,0x0405,0x0404,0x0405,0x0032

	.hword 0x0003,0x0003,0x0003,0x0003,0x0003,0x0003,0x0003,0x0003
	.hword 0x0003,0x0003,0x0003,0x0003,0x0003,0x0003,0x0003,0x0004
	.hword 0x0005,0x0001,0x0001,0x0001,0x0001,0x0001,0x0001,0x000F
	.hword 0x000F,0x000F,0x000F,0x0001,0x0001,0x0001,0x0001,0x0001
	.hword 0x0005,0x0007,0x0004,0x0005,0x0003,0x0003,0x0003,0x0003
	.hword 0x0003,0x0003,0x0003,0x0003,0x0003,0x0004,0x0005,0x0004
	.hword 0x0005,0x0001,0x0001,0x0001,0x0001,0x0001,0x0001,0x000F
	.hword 0x000F,0x000F,0x000F,0x0001,0x0001,0x0001,0x0001,0x0001

	.hword 0x0005,0x0003,0x0003,0x0003,0x0003,0x0003,0x0003,0x0003
	.hword 0x0003,0x0003,0x0003,0x0003,0x0003,0x0003,0x0003,0x0004
	.hword 0x0005,0x0001,0x0001,0x0001,0x0001,0x0001,0x0001,0x000F
	.hword 0x000F,0x000F,0x000F,0x0001,0x0001,0x0001,0x0001,0x0001
	.hword 0x0001,0x0405,0x0005,0x0007,0x0004,0x0005,0x0003,0x0003
	.hword 0x0003,0x0003,0x0003,0x0003,0x0003,0x0003,0x0003,0x0003
	.hword 0x0003,0x0001,0x0001,0x0001,0x0001,0x0001,0x0001,0x000F
	.hword 0x000F,0x000F,0x000F,0x0001,0x0001,0x0001,0x0001,0x0001

	.hword 0x0001,0x0001,0x0001,0x0405,0x0005,0x0004,0x0005,0x0003
	.hword 0x0003,0x0003,0x0003,0x0003,0x0003,0x0003,0x0003,0x0003
	.hword 0x0003,0x0001,0x0001,0x0001,0x0001,0x0001,0x0001,0x000F
	.hword 0x000F,0x000F,0x000F,0x0001,0x0001,0x0001,0x0038,0x000B
	.hword 0x0001,0x0001,0x0001,0x0001,0x0001,0x0405,0x0005,0x0007
	.hword 0x0004,0x0005,0x0003,0x0007,0x0004,0x0005,0x0003,0x0003
	.hword 0x0003,0x0001,0x0001,0x0001,0x0001,0x0001,0x0001,0x000F
	.hword 0x000F,0x000F,0x000F,0x0001,0x0039,0x000E,0x000E,0x000E

	.hword 0x0001,0x0001,0x0001,0x0001,0x0001,0x0001,0x0001,0x0405
	.hword 0x0005,0x0004,0x0005,0x0004,0x0005,0x0004,0x0005,0x0003
	.hword 0x0003,0x0001,0x0001,0x0001,0x0001,0x0001,0x0001,0x0014
	.hword 0x0014,0x0014,0x0014,0x000E,0x000E,0x000E,0x000E,0x000E
	.hword 0x0001,0x0001,0x0001,0x0001,0x0001,0x0001,0x0001,0x0001
	.hword 0x0001,0x0405,0x0005,0x0004,0x0005,0x0003,0x0003,0x0004
	.hword 0x0005,0x0001,0x0001,0x0001,0x0001,0x0001,0x0001,0x0017
	.hword 0x0017,0x0017,0x0017,0x000E,0x000E,0x000E,0x000E,0x000E

	.hword 0x0001,0x0001,0x0001,0x0001,0x0001,0x0001,0x0001,0x0001
	.hword 0x0001,0x0039,0x000E,0x0010,0x0005,0x0004,0x0005,0x0003
	.hword 0x0003,0x0001,0x0001,0x0001,0x0001,0x0001,0x0039,0x0002
	.hword 0x0002,0x0002,0x0002,0x000E,0x000E,0x000E,0x000E,0x000E
	.hword 0x0001,0x0001,0x0001,0x0001,0x0001,0x0001,0x0001,0x003A
	.hword 0x000E,0x000E,0x000E,0x000E,0x000E,0x0010,0x0005,0x0004
	.hword 0x0005,0x0001,0x0001,0x0001,0x0039,0x000E,0x000E,0x0006
	.hword 0x0006,0x0006,0x0006,0x000E,0x000E,0x000E,0x000E,0x000E

	.hword 0x0001,0x0001,0x0001,0x0001,0x0001,0x003B,0x000F,0x000F
	.hword 0x0011,0x0011,0x0011,0x0011,0x0011,0x0011,0x0011,0x0012
	.hword 0x0005,0x0001,0x003B,0x0011,0x0011,0x0011,0x0011,0x0009
	.hword 0x0009,0x0009,0x0009,0x0011,0x0011,0x0011,0x0011,0x0011
	.hword 0x0001,0x0001,0x0001,0x001B,0x0013,0x0013,0x000F,0x000F
	.hword 0x0013,0x0013,0x0013,0x0013,0x0013,0x0013,0x0013,0x0013
	.hword 0x0013,0x0013,0x0013,0x0013,0x0013,0x0013,0x0016,0x000A
	.hword 0x000A,0x000A,0x000A,0x0018,0x0013,0x0013,0x0013,0x0013

	.hword 0x0001,0x001B,0x0013,0x0013,0x0013,0x0013,0x000F,0x000F
	.hword 0x0013,0x0013,0x0013,0x0013,0x0013,0x0013,0x0013,0x0013
	.hword 0x0013,0x0013,0x0013,0x0013,0x0013,0x0016,0x0019,0x000D
	.hword 0x000D,0x000D,0x000D,0x001A,0x0018,0x0013,0x0013,0x0013
	.hword 0x0013,0x0013,0x0013,0x0013,0x0013,0x0013,0x0014,0x0014
	.hword 0x0013,0x0013,0x0013,0x0013,0x0013,0x0013,0x0013,0x0013
	.hword 0x0013,0x0013,0x0013,0x0013,0x0013,0x0C18,0x0C1A,0x001F
	.hword 0x0020,0x0001,0x0001,0x003C,0x0818,0x0013,0x0013,0x0013

	.hword 0x001C,0x001C,0x001C,0x001C,0x001C,0x001C,0x0017,0x0017
	.hword 0x001C,0x001C,0x001C,0x001C,0x001C,0x001C,0x001C,0x001C
	.hword 0x001C,0x001C,0x001C,0x001C,0x001C,0x001C,0x001D,0x001E
	.hword 0x0003,0x0001,0x0021,0x041D,0x001C,0x001C,0x001C,0x001C
	.hword 0x0024,0x0024,0x0024,0x0024,0x0024,0x0024,0x0002,0x0002
	.hword 0x0024,0x0024,0x0024,0x0024,0x0024,0x0024,0x0024,0x0024
	.hword 0x0024,0x0024,0x0024,0x0024,0x0024,0x0024,0x0024,0x0025
	.hword 0x0026,0x0027,0x0425,0x0024,0x0024,0x0024,0x0024,0x0024

	.hword 0x0024,0x0024,0x0024,0x0024,0x0024,0x0024,0x0006,0x0006
	.hword 0x0024,0x0024,0x0024,0x0024,0x0024,0x0024,0x0024,0x0024
	.hword 0x0024,0x0024,0x0024,0x0024,0x0024,0x0024,0x0024,0x0024
	.hword 0x002A,0x042A,0x0024,0x0024,0x0024,0x0024,0x0024,0x0024
	.hword 0x0024,0x0024,0x0024,0x0024,0x0024,0x0024,0x0009,0x0009
	.hword 0x0024,0x0024,0x0024,0x0024,0x0024,0x0024,0x0024,0x0024
	.hword 0x0024,0x0024,0x0024,0x0024,0x0024,0x0024,0x0024,0x0024
	.hword 0x0024,0x0024,0x0024,0x0024,0x0024,0x0024,0x0024,0x0024

	.hword 0x002B,0x002B,0x002B,0x002B,0x002B,0x003D,0x000A,0x000A
	.hword 0x003E,0x002B,0x002B,0x002B,0x002B,0x002B,0x002B,0x002B
	.hword 0x002B,0x002B,0x002B,0x002B,0x002B,0x002B,0x002B,0x002B
	.hword 0x002B,0x002B,0x002B,0x002B,0x002B,0x002B,0x002B,0x002B
	.hword 0x002C,0x002C,0x002C,0x002C,0x003F,0x0040,0x000D,0x000D
	.hword 0x0041,0x0042,0x002C,0x002C,0x002C,0x002C,0x002C,0x002C
	.hword 0x002C,0x002C,0x002C,0x002C,0x002C,0x002C,0x002C,0x002C
	.hword 0x002C,0x002C,0x002C,0x002C,0x002C,0x002C,0x002C,0x002C

	.hword 0x002C,0x002C,0x002C,0x002C,0x0C42,0x0C41,0x001F,0x0001
	.hword 0x0043,0x0842,0x002C,0x002C,0x002C,0x002C,0x002C,0x002C
	.hword 0x002C,0x002C,0x002C,0x002C,0x002C,0x002C,0x002C,0x002C
	.hword 0x002C,0x002C,0x002C,0x002C,0x002C,0x002C,0x002C,0x002C
	.hword 0x002C,0x002C,0x002C,0x002C,0x002C,0x0C42,0x0C41,0x0043
	.hword 0x0842,0x002C,0x002C,0x002C,0x002C,0x002C,0x002C,0x002C
	.hword 0x002C,0x002C,0x002C,0x002C,0x002C,0x002C,0x002C,0x002C
	.hword 0x002C,0x002C,0x002C,0x002C,0x002C,0x002C,0x002C,0x002C

	.hword 0x002D,0x002D,0x002D,0x002D,0x002D,0x002D,0x0044,0x0444
	.hword 0x002D,0x002D,0x002D,0x002D,0x002D,0x002D,0x002D,0x002D
	.hword 0x002D,0x002D,0x002D,0x002D,0x002D,0x002D,0x002D,0x002D
	.hword 0x002D,0x002D,0x002D,0x002D,0x002D,0x002D,0x002D,0x002D
	.hword 0x002E,0x002E,0x002E,0x002E,0x002E,0x002E,0x002E,0x002E
	.hword 0x002E,0x002E,0x002E,0x002E,0x002E,0x002E,0x002E,0x002E
	.hword 0x002E,0x002E,0x002E,0x002E,0x002E,0x002E,0x002E,0x002E
	.hword 0x002E,0x002E,0x002E,0x002E,0x002E,0x002E,0x002E,0x002E

	.hword 0x002E,0x002E,0x002E,0x002E,0x002E,0x002E,0x002E,0x002E
	.hword 0x002E,0x002E,0x002E,0x002E,0x002E,0x002E,0x002E,0x002E
	.hword 0x002E,0x002E,0x002E,0x002E,0x002E,0x002E,0x002E,0x002E
	.hword 0x002E,0x002E,0x002E,0x002E,0x002E,0x002E,0x002E,0x002E
	.hword 0x002F,0x002F,0x002F,0x002F,0x002F,0x002F,0x002F,0x002F
	.hword 0x002F,0x002F,0x002F,0x002F,0x002F,0x002F,0x002F,0x002F
	.hword 0x002F,0x002F,0x002F,0x002F,0x002F,0x002F,0x002F,0x002F
	.hword 0x002F,0x002F,0x002F,0x002F,0x002F,0x002F,0x002F,0x002F

	.hword 0x0030,0x0030,0x0030,0x0030,0x0030,0x0030,0x0030,0x0030
	.hword 0x0030,0x0030,0x0030,0x0030,0x0030,0x0030,0x0030,0x0030
	.hword 0x0030,0x0030,0x0030,0x0030,0x0030,0x0030,0x0030,0x0030
	.hword 0x0030,0x0030,0x0030,0x0030,0x0030,0x0030,0x0030,0x0030
	.hword 0x0C2F,0x0C2F,0x0C2F,0x0C2F,0x0C2F,0x0C2F,0x0045,0x0046
	.hword 0x0C2F,0x0C2F,0x0C2F,0x0C2F,0x0C2F,0x0C2F,0x0C2F,0x0C2F
	.hword 0x0C2F,0x0C2F,0x0C2F,0x0C2F,0x0C2F,0x0C2F,0x0C2F,0x0C2F
	.hword 0x0C2F,0x0C2F,0x0C2F,0x0C2F,0x0C2F,0x0C2F,0x0C2F,0x0C2F

	.hword 0x002F,0x002F,0x002F,0x002F,0x002F,0x0047,0x0048,0x0049
	.hword 0x004A,0x002F,0x002F,0x002F,0x002F,0x002F,0x002F,0x002F
	.hword 0x002F,0x002F,0x002F,0x002F,0x002F,0x002F,0x002F,0x002F
	.hword 0x002F,0x002F,0x002F,0x002F,0x002F,0x002F,0x002F,0x002F
	.hword 0x0030,0x0030,0x0030,0x0030,0x004B,0x004C,0x004D,0x0003
	.hword 0x004E,0x004F,0x0030,0x0030,0x0030,0x0030,0x0030,0x0030
	.hword 0x0030,0x0030,0x0030,0x0030,0x0030,0x0030,0x0030,0x0030
	.hword 0x0030,0x0030,0x0030,0x0030,0x0030,0x0030,0x0030,0x0030

	.hword 0x0030,0x0030,0x0030,0x004B,0x004C,0x0050,0x0051,0x0C20
	.hword 0x0052,0x004E,0x004F,0x0030,0x0030,0x0030,0x0030,0x0030
	.hword 0x0030,0x0030,0x0030,0x0030,0x0030,0x0030,0x0030,0x0030
	.hword 0x0030,0x0030,0x0030,0x0030,0x0030,0x0030,0x0030,0x0030
	.hword 0x0030,0x0030,0x0030,0x0C4F,0x0C4E,0x0C52,0x000D,0x000D
	.hword 0x0001,0x0053,0x084F,0x0030,0x0030,0x0030,0x0030,0x0030
	.hword 0x0030,0x0030,0x0030,0x0030,0x0030,0x0030,0x0030,0x0030
	.hword 0x0054,0x0055,0x0030,0x0030,0x0030,0x0030,0x0030,0x0030

	.hword 0x0030,0x0030,0x0030,0x0030,0x0030,0x0030,0x0030,0x0030
	.hword 0x0030,0x0030,0x0030,0x0030,0x0030,0x0030,0x0030,0x0030
	.hword 0x0030,0x0030,0x0030,0x0031,0x0034,0x0037,0x0034,0x0405
	.hword 0x0404,0x0037,0x0404,0x0405,0x0404,0x0405,0x0404,0x0405
	.hword 0x0030,0x0030,0x0030,0x0030,0x0030,0x0030,0x0030,0x0030
	.hword 0x0030,0x0030,0x0030,0x0030,0x0030,0x0030,0x0030,0x0030
	.hword 0x0030,0x0030,0x0031,0x0034,0x0037,0x0034,0x0037,0x0034
	.hword 0x0037,0x0034,0x0405,0x0404,0x0405,0x0404,0x0405,0x0404

	.hword 0x0030,0x0030,0x0030,0x0030,0x0030,0x0030,0x0030,0x0030
	.hword 0x0030,0x0030,0x0030,0x0030,0x0030,0x0030,0x0030,0x0030
	.hword 0x0030,0x0031,0x0034,0x0037,0x0034,0x0037,0x0034,0x0037
	.hword 0x0034,0x0037,0x0404,0x0405,0x0404,0x0405,0x0404,0x0405
	.hword 0x0C2F,0x0C2F,0x0C2F,0x0C2F,0x0C2F,0x0C2F,0x0C2F,0x0C2F
	.hword 0x0C2F,0x0C2F,0x0C2F,0x0C2F,0x0C2F,0x0C2F,0x0C2F,0x0C2F
	.hword 0x0033,0x0034,0x0037,0x0034,0x0037,0x0034,0x0037,0x0034
	.hword 0x0037,0x0034,0x0405,0x0404,0x0405,0x0404,0x0405,0x0404

	.hword 0x002F,0x002F,0x002F,0x002F,0x002F,0x002F,0x002F,0x002F
	.hword 0x002F,0x002F,0x002F,0x002F,0x002F,0x002F,0x002F,0x0036
	.hword 0x0034,0x0037,0x0034,0x0037,0x0034,0x0037,0x0034,0x0037
	.hword 0x0034,0x0037,0x0404,0x0405,0x0404,0x0405,0x0404,0x0405
	.hword 0x0030,0x0030,0x0030,0x0030,0x0054,0x0055,0x0030,0x0030
	.hword 0x0030,0x0030,0x0030,0x0030,0x0030,0x0030,0x0031,0x0034
	.hword 0x0405,0x0404,0x0405,0x0404,0x0037,0x0034,0x0037,0x0034
	.hword 0x0037,0x0034,0x0405,0x0404,0x0405,0x0404,0x0405,0x0404

	.hword 0x0C2F,0x0C2F,0x0C2F,0x0056,0x0057,0x0058,0x0059,0x0C2F
	.hword 0x0C2F,0x0C2F,0x0C2F,0x0C2F,0x0C2F,0x0033,0x0034,0x0037
	.hword 0x0034,0x0405,0x0404,0x0037,0x0034,0x0037,0x0034,0x0037
	.hword 0x0034,0x0037,0x0404,0x0405,0x0404,0x0405,0x0404,0x0405
	.hword 0x002E,0x002E,0x005A,0x0048,0x004D,0x0003,0x0049,0x005B
	.hword 0x002E,0x002E,0x002E,0x002E,0x005C,0x0034,0x0037,0x0034
	.hword 0x0405,0x0404,0x0037,0x0034,0x0037,0x0034,0x0037,0x0034
	.hword 0x0037,0x0034,0x0405,0x0404,0x0405,0x0404,0x0405,0x0404

	.hword 0x002E,0x005A,0x0048,0x004D,0x004D,0x0003,0x0003,0x0049
	.hword 0x005B,0x002E,0x002E,0x005C,0x0034,0x0037,0x0034,0x0037
	.hword 0x0034,0x0037,0x0034,0x0037,0x0034,0x0037,0x0034,0x0037
	.hword 0x0034,0x0037,0x0404,0x0405,0x0404,0x0405,0x0404,0x0405
	.hword 0x005D,0x005E,0x0050,0x0051,0x0051,0x0C20,0x0C20,0x0052
	.hword 0x005F,0x0060,0x0061,0x0034,0x0037,0x0034,0x0037,0x0034
	.hword 0x0037,0x0034,0x0037,0x0034,0x0037,0x0034,0x0037,0x0034
	.hword 0x0037,0x0034,0x0405,0x0404,0x0405,0x0404,0x0405,0x0404

	.hword 0x0C42,0x0C41,0x0C52,0x000D,0x000D,0x000D,0x000D,0x0001
	.hword 0x0043,0x0062,0x0034,0x0037,0x0034,0x0037,0x0034,0x0037
	.hword 0x0034,0x0037,0x0034,0x0037,0x0034,0x0037,0x0034,0x0037
	.hword 0x0034,0x0037,0x0404,0x0405,0x0404,0x0405,0x0404,0x0405
	.hword 0x002C,0x0C42,0x0C41,0x000F,0x000F,0x000F,0x000F,0x0043
	.hword 0x0062,0x0034,0x0037,0x0034,0x0037,0x0034,0x0037,0x0034
	.hword 0x0037,0x0034,0x0037,0x0034,0x0037,0x0034,0x0037,0x0034
	.hword 0x0037,0x0034,0x0405,0x0404,0x0405,0x0404,0x0405,0x0404

	.hword 0x002C,0x002C,0x0C42,0x000F,0x000F,0x000F,0x000F,0x0062
	.hword 0x0034,0x0037,0x0034,0x0037,0x0034,0x0037,0x0034,0x0037
	.hword 0x0034,0x0037,0x0034,0x0405,0x0404,0x0037,0x0034,0x0037
	.hword 0x0034,0x0037,0x0404,0x0405,0x0404,0x0405,0x0404,0x0405
	.hword 0x002C,0x002C,0x002C,0x000F,0x000F,0x000F,0x000F,0x0034
	.hword 0x0037,0x0034,0x0037,0x0034,0x0037,0x0034,0x0037,0x0034
	.hword 0x0037,0x0034,0x0405,0x0404,0x0037,0x0034,0x0037,0x0034
	.hword 0x0037,0x0034,0x0405,0x0404,0x0405,0x0404,0x0405,0x0404

	.hword 0x0C2B,0x0C2B,0x0C2B,0x000F,0x000F,0x000F,0x000F,0x0037
	.hword 0x0034,0x0037,0x0034,0x0037,0x0034,0x0037,0x0034,0x0037
	.hword 0x0034,0x0037,0x0034,0x0037,0x0034,0x0405,0x0404,0x0037
	.hword 0x0034,0x0037,0x0404,0x0405,0x0404,0x0405,0x0404,0x0405
	.hword 0x0024,0x0024,0x0024,0x000F,0x000F,0x000F,0x000F,0x0034
	.hword 0x0037,0x0034,0x0037,0x0034,0x0037,0x0034,0x0037,0x0034
	.hword 0x0037,0x0034,0x0037,0x0034,0x0037,0x0034,0x0037,0x0034
	.hword 0x0037,0x0034,0x0405,0x0404,0x0405,0x0404,0x0405,0x0404

	.hword 0x0024,0x0024,0x0024,0x000F,0x000F,0x000F,0x000F,0x0037
	.hword 0x0034,0x0037,0x0034,0x0037,0x0034,0x0037,0x0034,0x0037
	.hword 0x0034,0x0037,0x0034,0x0037,0x0034,0x0037,0x0034,0x0037
	.hword 0x0034,0x0037,0x0404,0x0405,0x0404,0x0405,0x0404,0x0405
	.hword 0x0024,0x0024,0x0063,0x0014,0x0014,0x0014,0x0014,0x0034
	.hword 0x0037,0x0034,0x0037,0x0034,0x0037,0x0034,0x0037,0x0034
	.hword 0x0037,0x0034,0x0037,0x0034,0x0037,0x0034,0x0037,0x0034
	.hword 0x0037,0x0034,0x0405,0x0404,0x0405,0x0404,0x0405,0x0404

	.hword 0x0C1C,0x0064,0x0034,0x0017,0x0017,0x0017,0x0017,0x0037
	.hword 0x0034,0x0037,0x0034,0x0037,0x0034,0x0037,0x0034,0x0037
	.hword 0x0034,0x0037,0x0034,0x0037,0x0034,0x0037,0x0034,0x0037
	.hword 0x0034,0x0037,0x0404,0x0405,0x0404,0x0405,0x0404,0x0405
	.hword 0x0065,0x0034,0x0037,0x0002,0x0002,0x0002,0x0002,0x0034
	.hword 0x0037,0x0034,0x0037,0x0034,0x0037,0x0034,0x0037,0x0034
	.hword 0x0037,0x0034,0x0037,0x0034,0x0037,0x0034,0x0037,0x0034
	.hword 0x0037,0x0034,0x0405,0x0404,0x0405,0x0404,0x0001,0x0001

	.hword 0x0034,0x0037,0x0034,0x0006,0x0006,0x0006,0x0006,0x0037
	.hword 0x0034,0x0037,0x0034,0x0037,0x0034,0x0037,0x0034,0x0037
	.hword 0x0034,0x0037,0x0034,0x0037,0x0034,0x0037,0x0034,0x0037
	.hword 0x0034,0x0037,0x0404,0x0405,0x0404,0x0405,0x0404,0x0405
	.hword 0x0037,0x0034,0x0037,0x0009,0x0009,0x0009,0x0009,0x0034
	.hword 0x0037,0x0034,0x0037,0x0034,0x0037,0x0034,0x0037,0x0034
	.hword 0x0037,0x0034,0x0037,0x0034,0x0037,0x0034,0x0037,0x0034
	.hword 0x0037,0x0034,0x0405,0x0404,0x0405,0x0404,0x0405,0x0404

	.hword 0x0034,0x0037,0x0034,0x000A,0x000A,0x000A,0x000A,0x0037
	.hword 0x0034,0x0037,0x0034,0x0037,0x0034,0x0037,0x0034,0x0037
	.hword 0x0034,0x0037,0x0034,0x0037,0x0034,0x0037,0x0034,0x0037
	.hword 0x0034,0x0037,0x0404,0x0405,0x0404,0x0405,0x0404,0x0405
	.hword 0x0037,0x0034,0x0037,0x000D,0x000D,0x000D,0x000D,0x0034
	.hword 0x0037,0x0034,0x0037,0x0034,0x0037,0x0034,0x0037,0x0034
	.hword 0x0037,0x0034,0x0037,0x0034,0x0037,0x0034,0x0037,0x0034
	.hword 0x0037,0x0034,0x0405,0x0404,0x0405,0x0404,0x0405,0x0404

	.hword 0x0034,0x0037,0x0034,0x000F,0x000F,0x000F,0x000F,0x0037
	.hword 0x0034,0x0037,0x0034,0x0037,0x0034,0x0037,0x0034,0x0037
	.hword 0x0034,0x0037,0x0034,0x0037,0x0034,0x0037,0x0034,0x0037
	.hword 0x0034,0x0037,0x0404,0x0405,0x0404,0x0405,0x0404,0x0405
	.hword 0x0066,0x0034,0x0037,0x000F,0x000F,0x000F,0x000F,0x0034
	.hword 0x0037,0x0034,0x0037,0x0034,0x0037,0x0034,0x0037,0x0034
	.hword 0x0037,0x0034,0x0037,0x0034,0x0037,0x0034,0x0037,0x0034
	.hword 0x0037,0x0034,0x0405,0x0404,0x0405,0x0404,0x0405,0x0404

	.hword 0x0405,0x0066,0x0034,0x000F,0x000F,0x000F,0x000F,0x0405
	.hword 0x0404,0x0037,0x0034,0x0037,0x0034,0x0037,0x0034,0x0037
	.hword 0x0034,0x0037,0x0034,0x0037,0x0034,0x0037,0x0034,0x0037
	.hword 0x0034,0x0037,0x0404,0x0405,0x0404,0x0405,0x0404,0x0405
	.hword 0x0404,0x0405,0x0066,0x000F,0x000F,0x000F,0x000F,0x0034
	.hword 0x0405,0x0404,0x0037,0x0034,0x0037,0x0034,0x0037,0x0034
	.hword 0x0037,0x0034,0x0037,0x0034,0x0037,0x0034,0x0037,0x0034
	.hword 0x0037,0x0034,0x0405,0x0404,0x0405,0x0404,0x0405,0x0067

	.hword 0x0405,0x0404,0x0405,0x000F,0x000F,0x000F,0x000F,0x0037
	.hword 0x0034,0x0037,0x0034,0x0037,0x0034,0x0037,0x0034,0x0037
	.hword 0x0034,0x0037,0x0034,0x0037,0x0034,0x0037,0x0034,0x0037
	.hword 0x0034,0x0037,0x0404,0x0405,0x0404,0x0405,0x0067,0x0034
	.hword 0x0404,0x0405,0x0404,0x000F,0x000F,0x000F,0x000F,0x0034
	.hword 0x0037,0x0034,0x0037,0x0034,0x0037,0x0034,0x0037,0x0034
	.hword 0x0037,0x0034,0x0037,0x0034,0x0037,0x0034,0x0037,0x0034
	.hword 0x0037,0x0034,0x0405,0x0404,0x0405,0x0067,0x0034,0x0037

	.hword 0x0405,0x0404,0x0405,0x0014,0x0014,0x0014,0x0014,0x0037
	.hword 0x0034,0x0037,0x0034,0x0037,0x0034,0x0037,0x0034,0x0037
	.hword 0x0034,0x0037,0x0034,0x0037,0x0034,0x0037,0x0034,0x0037
	.hword 0x0034,0x0037,0x0404,0x0405,0x0067,0x0034,0x0037,0x0034
	.hword 0x0404,0x0405,0x0404,0x0017,0x0017,0x0017,0x0017,0x0034
	.hword 0x0037,0x0034,0x0037,0x0034,0x0037,0x0034,0x0037,0x0034
	.hword 0x0037,0x0034,0x0037,0x0034,0x0037,0x0034,0x0037,0x0034
	.hword 0x0037,0x0034,0x0405,0x0067,0x0034,0x0037,0x0034,0x0037

	.hword 0x0032,0x0030,0x0030,0x0030,0x0C4F,0x0C4E,0x000F,0x000F
	.hword 0x0053,0x084F,0x0030,0x0030,0x0030,0x0030,0x0030,0x0030
	.hword 0x0030,0x0030,0x0030,0x0030,0x0030,0x0030,0x0030,0x004B
	.hword 0x004C,0x004E,0x004F,0x0030,0x0030,0x0030,0x0030,0x0030
	.hword 0x0405,0x0032,0x0030,0x0030,0x0030,0x0C4F,0x000F,0x000F
	.hword 0x084F,0x0030,0x0030,0x0030,0x0030,0x0030,0x0030,0x0030
	.hword 0x0030,0x0030,0x0030,0x0030,0x0030,0x0030,0x004B,0x004C
	.hword 0x004D,0x0003,0x004E,0x004F,0x0030,0x0030,0x0030,0x0030

	.hword 0x0404,0x0405,0x0032,0x0030,0x0030,0x0030,0x000F,0x000F
	.hword 0x0030,0x0030,0x0030,0x0030,0x0030,0x0030,0x0030,0x0030
	.hword 0x0030,0x0030,0x0030,0x0030,0x0030,0x004B,0x004C,0x004D
	.hword 0x004D,0x0003,0x0003,0x004E,0x004F,0x0030,0x0030,0x0030
	.hword 0x0405,0x0404,0x0405,0x0035,0x0C2F,0x0C2F,0x000F,0x000F
	.hword 0x0C2F,0x0C2F,0x0C2F,0x0C2F,0x0C2F,0x0C2F,0x0C2F,0x0C2F
	.hword 0x0C2F,0x0C2F,0x0C2F,0x0C2F,0x0056,0x0057,0x004D,0x004D
	.hword 0x004D,0x0003,0x0003,0x0003,0x0058,0x0059,0x0C2F,0x0C2F

	.hword 0x0404,0x0405,0x0404,0x0405,0x0835,0x002F,0x000F,0x000F
	.hword 0x002F,0x002F,0x002F,0x002F,0x002F,0x002F,0x002F,0x002F
	.hword 0x002F,0x002F,0x002F,0x0047,0x0048,0x004D,0x0050,0x0051
	.hword 0x0051,0x0C20,0x0C20,0x0052,0x0003,0x0049,0x004A,0x002F
	.hword 0x0405,0x0404,0x0405,0x0404,0x0405,0x0032,0x000F,0x000F
	.hword 0x0030,0x0030,0x0030,0x0030,0x0030,0x0030,0x0030,0x0030
	.hword 0x0030,0x0030,0x0030,0x0C4F,0x0C4E,0x0003,0x0C52,0x000D
	.hword 0x000D,0x000D,0x000D,0x0001,0x0001,0x0053,0x084F,0x0030

	.hword 0x0404,0x0405,0x0404,0x0405,0x0404,0x0405,0x0068,0x0014
	.hword 0x0C2F,0x0C2F,0x0C2F,0x0C2F,0x0C2F,0x0C2F,0x0C2F,0x0C2F
	.hword 0x0C2F,0x0C2F,0x0C2F,0x0C2F,0x0C4A,0x0C49,0x0003,0x000F
	.hword 0x000F,0x000F,0x000F,0x0001,0x0069,0x084A,0x0C2F,0x0C2F
	.hword 0x0405,0x0404,0x0405,0x0404,0x0405,0x0404,0x0405,0x006A
	.hword 0x002E,0x002E,0x002E,0x002E,0x002E,0x002E,0x002E,0x002E
	.hword 0x002E,0x002E,0x002E,0x002E,0x002E,0x0C5B,0x0C49,0x000F
	.hword 0x000F,0x000F,0x000F,0x0069,0x085B,0x002E,0x002E,0x002E

	.hword 0x0404,0x0405,0x0404,0x0405,0x0404,0x0405,0x0404,0x0405
	.hword 0x006B,0x002E,0x002E,0x002E,0x002E,0x002E,0x002E,0x002E
	.hword 0x002E,0x002E,0x002E,0x002E,0x002E,0x002E,0x0C5B,0x000F
	.hword 0x000F,0x000F,0x000F,0x085B,0x002E,0x002E,0x002E,0x002E
	.hword 0x0405,0x0404,0x0405,0x0404,0x0405,0x0404,0x0405,0x0404
	.hword 0x0405,0x006C,0x0C2D,0x0C2D,0x0C2D,0x0C2D,0x0C2D,0x0C2D
	.hword 0x0C2D,0x0C2D,0x0C2D,0x0C2D,0x0C2D,0x0C2D,0x0C2D,0x000F
	.hword 0x000F,0x000F,0x000F,0x0C2D,0x0C2D,0x0C2D,0x0C2D,0x0C2D

	.hword 0x0404,0x0405,0x0404,0x0405,0x0404,0x0405,0x0404,0x0405
	.hword 0x0404,0x0405,0x006D,0x002C,0x002C,0x002C,0x002C,0x002C
	.hword 0x006E,0x006D,0x002C,0x002C,0x002C,0x002C,0x002C,0x000F
	.hword 0x000F,0x000F,0x000F,0x002C,0x002C,0x002C,0x002C,0x002C
	.hword 0x0405,0x0404,0x0405,0x0404,0x0405,0x0404,0x0405,0x0404
	.hword 0x0405,0x0404,0x0405,0x006D,0x002C,0x002C,0x002C,0x006E
	.hword 0x0034,0x0405,0x006D,0x002C,0x002C,0x002C,0x002C,0x000F
	.hword 0x000F,0x000F,0x000F,0x002C,0x002C,0x002C,0x002C,0x002C

	.hword 0x0404,0x0405,0x0404,0x0405,0x0404,0x0405,0x0404,0x0405
	.hword 0x0404,0x0405,0x0404,0x0405,0x006D,0x002C,0x006E,0x0034
	.hword 0x0037,0x0404,0x0405,0x006D,0x002C,0x002C,0x002C,0x0014
	.hword 0x0014,0x0014,0x0014,0x002C,0x002C,0x002C,0x002C,0x002C
	.hword 0x0405,0x0404,0x0405,0x0404,0x0405,0x0404,0x0405,0x0404
	.hword 0x0405,0x0404,0x0405,0x0404,0x0405,0x0067,0x0034,0x0037
	.hword 0x0034,0x0405,0x0404,0x0405,0x006D,0x002C,0x002C,0x0017
	.hword 0x0017,0x0017,0x0017,0x002C,0x002C,0x002C,0x002C,0x002C

	.hword 0x0404,0x0405,0x0404,0x0405,0x0404,0x0405,0x0404,0x0405
	.hword 0x0404,0x0405,0x0404,0x0405,0x0067,0x0034,0x0037,0x0034
	.hword 0x0037,0x0404,0x0405,0x0404,0x0405,0x006F,0x0C2B,0x0002
	.hword 0x0002,0x0002,0x0002,0x0C2B,0x0C2B,0x0C2B,0x0C2B,0x0C2B
	.hword 0x0405,0x0404,0x0405,0x0404,0x0405,0x0404,0x0405,0x0404
	.hword 0x0405,0x0404,0x0405,0x0067,0x0034,0x0037,0x0034,0x0037
	.hword 0x0034,0x0405,0x0404,0x0405,0x0404,0x0405,0x0070,0x0006
	.hword 0x0006,0x0006,0x0006,0x0024,0x0024,0x0024,0x0024,0x0024

	.hword 0x0404,0x0405,0x0404,0x0405,0x0404,0x0405,0x0404,0x0405
	.hword 0x0404,0x0405,0x0067,0x0034,0x0037,0x0034,0x0405,0x0404
	.hword 0x0037,0x0404,0x0405,0x0404,0x0405,0x0404,0x0405,0x0009
	.hword 0x0009,0x0009,0x0009,0x0024,0x0024,0x0024,0x0024,0x0024
	.hword 0x0405,0x0404,0x0405,0x0404,0x0405,0x0404,0x0405,0x0404
	.hword 0x0405,0x0067,0x0034,0x0037,0x0034,0x0037,0x0034,0x0037
	.hword 0x0034,0x0405,0x0404,0x0405,0x0404,0x0405,0x0404,0x000A
	.hword 0x000A,0x000A,0x000A,0x0024,0x0024,0x0024,0x0024,0x0024

	.hword 0x0404,0x0405,0x0404,0x0405,0x0404,0x0405,0x0404,0x0405
	.hword 0x0067,0x0034,0x0037,0x0034,0x0037,0x0034,0x0037,0x0034
	.hword 0x0037,0x0404,0x0405,0x0404,0x0001,0x0001,0x0405,0x000D
	.hword 0x000D,0x000D,0x000D,0x0C1C,0x0C1C,0x0C1C,0x0C1C,0x0C1C
	.hword 0x0405,0x0404,0x0405,0x0404,0x0405,0x0404,0x0405,0x0067
	.hword 0x0034,0x0037,0x0034,0x0037,0x0034,0x0037,0x0034,0x0037
	.hword 0x0034,0x0405,0x0404,0x0001,0x0001,0x0405,0x0404,0x000F
	.hword 0x000F,0x000F,0x000F,0x0013,0x0013,0x0013,0x0013,0x0013

	.hword 0x0404,0x0001,0x0001,0x0405,0x0404,0x0405,0x0067,0x0034
	.hword 0x0037,0x0034,0x0037,0x0034,0x0037,0x0034,0x0037,0x0034
	.hword 0x0037,0x0404,0x0405,0x0404,0x0405,0x0404,0x0405,0x000F
	.hword 0x000F,0x000F,0x000F,0x0071,0x0013,0x0013,0x0013,0x0065
	.hword 0x0001,0x0001,0x0405,0x0404,0x0405,0x0067,0x0034,0x0037
	.hword 0x0034,0x0037,0x0034,0x0037,0x0034,0x0037,0x0034,0x0037
	.hword 0x0034,0x0405,0x0404,0x0405,0x0404,0x0405,0x0404,0x000F
	.hword 0x000F,0x000F,0x000F,0x0405,0x0071,0x0013,0x0065,0x0034

	.hword 0x0404,0x0405,0x0404,0x0405,0x0067,0x0034,0x0037,0x0034
	.hword 0x0037,0x0034,0x0037,0x0034,0x0037,0x0034,0x0037,0x0034
	.hword 0x0037,0x0404,0x0405,0x0404,0x0405,0x0404,0x0405,0x000F
	.hword 0x000F,0x000F,0x000F,0x0404,0x0405,0x0066,0x0034,0x0037
	.hword 0x0405,0x0404,0x0405,0x0067,0x0034,0x0037,0x0034,0x0037
	.hword 0x0034,0x0405,0x0404,0x0405,0x0404,0x0037,0x0034,0x0037
	.hword 0x0034,0x0405,0x0404,0x0405,0x0404,0x0405,0x0404,0x000F
	.hword 0x000F,0x000F,0x000F,0x0405,0x0404,0x0405,0x0066,0x0034

	.hword 0x0404,0x0405,0x0067,0x0034,0x0037,0x0034,0x0037,0x0034
	.hword 0x0037,0x0034,0x0405,0x0404,0x0037,0x0034,0x0037,0x0034
	.hword 0x0037,0x0404,0x0405,0x0404,0x0405,0x0404,0x0405,0x000F
	.hword 0x000F,0x000F,0x000F,0x0404,0x0405,0x0404,0x0405,0x0066
	.hword 0x0405,0x0067,0x0034,0x0037,0x0034,0x0037,0x0034,0x0037
	.hword 0x0034,0x0037,0x0034,0x0037,0x0034,0x0037,0x0034,0x0037
	.hword 0x0034,0x0405,0x0404,0x0405,0x0404,0x0405,0x0404,0x0014
	.hword 0x0014,0x0014,0x0014,0x0405,0x0404,0x0405,0x0404,0x0405

	.hword 0x0067,0x0034,0x0037,0x0034,0x0037,0x0034,0x0037,0x0034
	.hword 0x0405,0x0404,0x0037,0x0034,0x0037,0x0034,0x0037,0x0034
	.hword 0x0037,0x0404,0x0405,0x0404,0x0405,0x0404,0x0405,0x0017
	.hword 0x0017,0x0017,0x0017,0x0404,0x0405,0x0404,0x0405,0x0404
	.hword 0x0034,0x0037,0x0034,0x0037,0x0034,0x0037,0x0034,0x0037
	.hword 0x0034,0x0037,0x0034,0x0037,0x0034,0x0037,0x0034,0x0037
	.hword 0x0034,0x0405,0x0404,0x0405,0x0404,0x0405,0x0404,0x0002
	.hword 0x0002,0x0002,0x0002,0x0405,0x0404,0x0405,0x0404,0x0405

	.hword 0x0037,0x0034,0x0037,0x0034,0x0037,0x0034,0x0037,0x0034
	.hword 0x0037,0x0034,0x0037,0x0034,0x0037,0x0034,0x0037,0x0034
	.hword 0x0037,0x0404,0x0405,0x0404,0x0405,0x0404,0x0405,0x0006
	.hword 0x0006,0x0006,0x0006,0x0404,0x0405,0x0404,0x0405,0x0404
	.hword 0x0034,0x0037,0x0034,0x0037,0x0034,0x0037,0x0034,0x0037
	.hword 0x0034,0x0037,0x0034,0x0037,0x0034,0x0037,0x0034,0x0037
	.hword 0x0034,0x0405,0x0404,0x0405,0x0404,0x0405,0x0404,0x0009
	.hword 0x0009,0x0009,0x0009,0x0405,0x0404,0x0405,0x0404,0x0405

	.hword 0x0037,0x0034,0x0037,0x0034,0x0037,0x0034,0x0037,0x0034
	.hword 0x0037,0x0034,0x0037,0x0034,0x0037,0x0034,0x0037,0x0034
	.hword 0x0037,0x0404,0x0405,0x0404,0x0405,0x0404,0x0405,0x000A
	.hword 0x000A,0x000A,0x000A,0x0404,0x0405,0x0404,0x0405,0x0404
	.hword 0x0034,0x0037,0x0034,0x0037,0x0034,0x0037,0x0034,0x0037
	.hword 0x0034,0x0037,0x0034,0x0037,0x0034,0x0037,0x0034,0x0037
	.hword 0x0034,0x0405,0x0404,0x0405,0x0404,0x0405,0x0404,0x000D
	.hword 0x000D,0x000D,0x000D,0x0405,0x0404,0x0405,0x0404,0x0405

	.hword 0x0001,0x0001,0x0001,0x000F,0x000F,0x000F,0x000F,0x0003
	.hword 0x0003,0x0003,0x0003,0x0003,0x0003,0x0003,0x0003,0x0003
	.hword 0x0003,0x0003,0x0003,0x0003,0x0004,0x0005,0x0004,0x0005
	.hword 0x0004,0x0005,0x0001,0x0405,0x0005,0x0004,0x0005,0x0003
	.hword 0x0001,0x0001,0x0001,0x000F,0x000F,0x000F,0x000F,0x0003
	.hword 0x0003,0x0003,0x0003,0x0003,0x0003,0x0003,0x0003,0x0003
	.hword 0x0003,0x0003,0x0004,0x0005,0x0007,0x0004,0x0005,0x0003
	.hword 0x0004,0x0005,0x0001,0x0001,0x0001,0x0405,0x0005,0x0004

	.hword 0x0001,0x0001,0x0008,0x0014,0x0014,0x0014,0x0014,0x0003
	.hword 0x0003,0x0003,0x0003,0x0003,0x0003,0x0003,0x0003,0x0003
	.hword 0x0004,0x0005,0x0004,0x0005,0x0003,0x0003,0x0003,0x0003
	.hword 0x0003,0x0003,0x0001,0x0001,0x0001,0x0001,0x0001,0x0405
	.hword 0x0008,0x0005,0x0004,0x0017,0x0017,0x0017,0x0017,0x0004
	.hword 0x0005,0x0003,0x0003,0x0003,0x0003,0x0003,0x0003,0x0003
	.hword 0x0007,0x0004,0x0005,0x0003,0x0003,0x0003,0x0003,0x0003
	.hword 0x0004,0x0005,0x0001,0x0001,0x0001,0x0001,0x0001,0x0001

	.hword 0x000B,0x000B,0x000C,0x0002,0x0002,0x0002,0x0002,0x0005
	.hword 0x0003,0x0003,0x0003,0x0003,0x0003,0x0003,0x0003,0x0003
	.hword 0x0003,0x0003,0x0003,0x0003,0x0003,0x0003,0x0003,0x0003
	.hword 0x0003,0x0003,0x0001,0x0001,0x0001,0x0001,0x0001,0x0001
	.hword 0x000E,0x000E,0x000E,0x0006,0x0006,0x0006,0x0006,0x0003
	.hword 0x0003,0x0003,0x0003,0x0003,0x0003,0x0003,0x0003,0x0003
	.hword 0x0003,0x0003,0x0003,0x0003,0x0003,0x0003,0x0003,0x0004
	.hword 0x0005,0x0003,0x0001,0x0001,0x0001,0x0001,0x0001,0x0001

	.hword 0x000E,0x000E,0x000E,0x0009,0x0009,0x0009,0x0009,0x0005
	.hword 0x0007,0x0004,0x0005,0x0003,0x0003,0x0003,0x0003,0x0003
	.hword 0x0003,0x0003,0x0003,0x0003,0x0003,0x0003,0x0004,0x0005
	.hword 0x0003,0x0003,0x0001,0x0001,0x0001,0x0001,0x0001,0x0001
	.hword 0x000E,0x000E,0x000E,0x000A,0x000A,0x000A,0x000A,0x000E
	.hword 0x0010,0x0005,0x0004,0x0005,0x0003,0x0003,0x0003,0x0003
	.hword 0x0003,0x0003,0x0003,0x0003,0x0003,0x0003,0x0003,0x0003
	.hword 0x0003,0x0003,0x0001,0x0001,0x0001,0x0001,0x0001,0x0001

	.hword 0x000E,0x000E,0x000E,0x000D,0x000D,0x000D,0x000D,0x000E
	.hword 0x000E,0x000E,0x0010,0x0005,0x0004,0x0005,0x0003,0x0003
	.hword 0x0003,0x0003,0x0003,0x0003,0x0003,0x0003,0x0003,0x0003
	.hword 0x0003,0x0003,0x0001,0x0001,0x0001,0x0001,0x0001,0x0001
	.hword 0x000E,0x000E,0x000E,0x000F,0x000F,0x000F,0x000F,0x000E
	.hword 0x000E,0x000E,0x000E,0x000E,0x0010,0x0005,0x0007,0x0004
	.hword 0x0005,0x0003,0x0003,0x0003,0x0003,0x0003,0x0003,0x0003
	.hword 0x0003,0x0003,0x0001,0x0001,0x0001,0x0001,0x0001,0x0001

	.hword 0x0011,0x0011,0x0011,0x000F,0x000F,0x000F,0x000F,0x0011
	.hword 0x0011,0x0011,0x0011,0x0011,0x0011,0x0011,0x0012,0x0005
	.hword 0x0004,0x0005,0x0007,0x0004,0x0005,0x0003,0x0003,0x0003
	.hword 0x0003,0x0003,0x0001,0x0001,0x0001,0x0001,0x0001,0x0001
	.hword 0x0013,0x0013,0x0013,0x000F,0x000F,0x000F,0x000F,0x0013
	.hword 0x0013,0x0013,0x0013,0x0013,0x0013,0x0013,0x0013,0x0013
	.hword 0x0015,0x0005,0x0004,0x0005,0x0004,0x0005,0x0003,0x0003
	.hword 0x0003,0x0003,0x0001,0x0001,0x0001,0x0001,0x0001,0x0001

	.hword 0x0013,0x0013,0x0016,0x000F,0x000F,0x000F,0x000F,0x0018
	.hword 0x0013,0x0013,0x0013,0x0013,0x0013,0x0013,0x0013,0x0013
	.hword 0x0013,0x0013,0x0015,0x0005,0x0004,0x0005,0x0003,0x0003
	.hword 0x0003,0x0003,0x0001,0x0001,0x0001,0x0001,0x0001,0x0001
	.hword 0x0013,0x0016,0x0019,0x000F,0x000F,0x000F,0x000F,0x001A
	.hword 0x0018,0x0013,0x0013,0x0013,0x0013,0x0013,0x0013,0x0013
	.hword 0x0013,0x0013,0x0013,0x0013,0x0015,0x0005,0x0007,0x0004
	.hword 0x0005,0x0003,0x0001,0x0001,0x0001,0x0001,0x0001,0x001B

	.hword 0x001C,0x001D,0x001E,0x001F,0x0020,0x0001,0x0001,0x0021
	.hword 0x041D,0x001C,0x001C,0x001C,0x001C,0x001C,0x001C,0x001C
	.hword 0x001C,0x001C,0x001C,0x001C,0x001C,0x001C,0x0022,0x0005
	.hword 0x0004,0x0005,0x0001,0x0001,0x0001,0x0023,0x001C,0x001C
	.hword 0x0024,0x0024,0x0025,0x0026,0x0003,0x0001,0x0027,0x0425
	.hword 0x0024,0x0024,0x0024,0x0024,0x0024,0x0024,0x0024,0x0024
	.hword 0x0024,0x0024,0x0024,0x0024,0x0024,0x0024,0x0024,0x0024
	.hword 0x0028,0x0005,0x0001,0x0029,0x0024,0x0024,0x0024,0x0024

	.hword 0x0024,0x0024,0x0024,0x0025,0x0026,0x0027,0x0425,0x0024
	.hword 0x0024,0x0024,0x0024,0x0024,0x0024,0x0024,0x0024,0x0024
	.hword 0x0024,0x0024,0x0024,0x0024,0x0024,0x0024,0x0024,0x0024
	.hword 0x0024,0x0024,0x0024,0x0024,0x0024,0x0024,0x0024,0x0024
	.hword 0x0024,0x0024,0x0024,0x0024,0x002A,0x042A,0x0024,0x0024
	.hword 0x0024,0x0024,0x0024,0x0024,0x0024,0x0024,0x0024,0x0024
	.hword 0x0024,0x0024,0x0024,0x0024,0x0024,0x0024,0x0024,0x0024
	.hword 0x0024,0x0024,0x0024,0x0024,0x0024,0x0024,0x0024,0x0024

	.hword 0x002B,0x002B,0x002B,0x002B,0x002B,0x002B,0x002B,0x002B
	.hword 0x002B,0x002B,0x002B,0x002B,0x002B,0x002B,0x002B,0x002B
	.hword 0x002B,0x002B,0x002B,0x002B,0x002B,0x002B,0x002B,0x002B
	.hword 0x002B,0x002B,0x002B,0x002B,0x002B,0x002B,0x002B,0x002B
	.hword 0x002C,0x002C,0x002C,0x002C,0x002C,0x002C,0x002C,0x002C
	.hword 0x002C,0x002C,0x002C,0x002C,0x002C,0x002C,0x002C,0x002C
	.hword 0x002C,0x002C,0x002C,0x002C,0x002C,0x002C,0x002C,0x002C
	.hword 0x002C,0x002C,0x002C,0x002C,0x002C,0x002C,0x002C,0x002C

	.hword 0x002C,0x002C,0x002C,0x002C,0x002C,0x002C,0x002C,0x002C
	.hword 0x002C,0x002C,0x002C,0x002C,0x002C,0x002C,0x002C,0x002C
	.hword 0x002C,0x002C,0x002C,0x002C,0x002C,0x002C,0x002C,0x002C
	.hword 0x002C,0x002C,0x002C,0x002C,0x002C,0x002C,0x002C,0x002C
	.hword 0x002C,0x002C,0x002C,0x002C,0x002C,0x002C,0x002C,0x002C
	.hword 0x002C,0x002C,0x002C,0x002C,0x002C,0x002C,0x002C,0x002C
	.hword 0x002C,0x002C,0x002C,0x002C,0x002C,0x002C,0x002C,0x002C
	.hword 0x002C,0x002C,0x002C,0x002C,0x002C,0x002C,0x002C,0x002C

	.hword 0x002D,0x002D,0x002D,0x002D,0x002D,0x002D,0x002D,0x002D
	.hword 0x002D,0x002D,0x002D,0x002D,0x002D,0x002D,0x002D,0x002D
	.hword 0x002D,0x002D,0x002D,0x002D,0x002D,0x002D,0x002D,0x002D
	.hword 0x002D,0x002D,0x002D,0x002D,0x002D,0x002D,0x002D,0x002D
	.hword 0x002E,0x002E,0x002E,0x002E,0x002E,0x002E,0x002E,0x002E
	.hword 0x002E,0x002E,0x002E,0x002E,0x002E,0x002E,0x002E,0x002E
	.hword 0x002E,0x002E,0x002E,0x002E,0x002E,0x002E,0x002E,0x002E
	.hword 0x002E,0x002E,0x002E,0x002E,0x002E,0x002E,0x002E,0x002E

	.hword 0x002E,0x002E,0x002E,0x002E,0x002E,0x002E,0x002E,0x002E
	.hword 0x002E,0x002E,0x002E,0x002E,0x002E,0x002E,0x002E,0x002E
	.hword 0x002E,0x002E,0x002E,0x002E,0x002E,0x002E,0x002E,0x002E
	.hword 0x002E,0x002E,0x002E,0x002E,0x002E,0x002E,0x002E,0x002E
	.hword 0x002F,0x002F,0x002F,0x002F,0x002F,0x002F,0x002F,0x002F
	.hword 0x002F,0x002F,0x002F,0x002F,0x002F,0x002F,0x002F,0x002F
	.hword 0x002F,0x002F,0x002F,0x002F,0x002F,0x002F,0x002F,0x002F
	.hword 0x002F,0x002F,0x002F,0x002F,0x002F,0x002F,0x002F,0x002F

	.hword 0x0030,0x0030,0x0030,0x0030,0x0030,0x0030,0x0030,0x0030
	.hword 0x0030,0x0030,0x0030,0x0030,0x0030,0x0030,0x0030,0x0030
	.hword 0x0030,0x0030,0x0030,0x0030,0x0030,0x0030,0x0030,0x0030
	.hword 0x0030,0x0031,0x0032,0x0030,0x0030,0x0030,0x0030,0x0030
	.hword 0x0C2F,0x0C2F,0x0C2F,0x0C2F,0x0C2F,0x0C2F,0x0C2F,0x0C2F
	.hword 0x0C2F,0x0C2F,0x0C2F,0x0C2F,0x0C2F,0x0C2F,0x0C2F,0x0C2F
	.hword 0x0C2F,0x0C2F,0x0C2F,0x0C2F,0x0C2F,0x0C2F,0x0C2F,0x0C2F
	.hword 0x0033,0x0034,0x0405,0x0035,0x0C2F,0x0C2F,0x0C2F,0x0C2F

	.hword 0x002F,0x002F,0x002F,0x002F,0x002F,0x002F,0x002F,0x002F
	.hword 0x002F,0x002F,0x002F,0x002F,0x002F,0x002F,0x002F,0x002F
	.hword 0x002F,0x002F,0x002F,0x002F,0x002F,0x002F,0x002F,0x0036
	.hword 0x0034,0x0037,0x0404,0x0405,0x0835,0x002F,0x002F,0x002F
	.hword 0x0030,0x0030,0x0030,0x0030,0x0030,0x0030,0x0030,0x0030
	.hword 0x0030,0x0030,0x0030,0x0030,0x0030,0x0030,0x0030,0x0030
	.hword 0x0030,0x0030,0x0030,0x0030,0x0030,0x0030,0x0031,0x0034
	.hword 0x0037,0x0034,0x0405,0x0404,0x0405,0x0032,0x0030,0x0030

	.hword 0x0030,0x0030,0x0030,0x0030,0x0030,0x0030,0x0030,0x0030
	.hword 0x0030,0x0030,0x0030,0x0030,0x0030,0x0030,0x0030,0x0030
	.hword 0x0030,0x0030,0x0030,0x0030,0x0030,0x0031,0x0034,0x0037
	.hword 0x0034,0x0037,0x0404,0x0405,0x0404,0x0405,0x0032,0x0030
	.hword 0x0030,0x0030,0x0030,0x0030,0x0030,0x0030,0x0030,0x0030
	.hword 0x0030,0x0030,0x0030,0x0030,0x0030,0x0030,0x0030,0x0030
	.hword 0x0030,0x0030,0x0030,0x0030,0x0031,0x0034,0x0037,0x0034
	.hword 0x0037,0x0034,0x0405,0x0404,0x0405,0x0404,0x0405,0x0032

	.hword 0x0003,0x0003,0x0003,0x0003,0x0003,0x0003,0x0003,0x0003
	.hword 0x0003,0x0003,0x0003,0x0003,0x0003,0x0003,0x0003,0x0004
	.hword 0x0005,0x0001,0x0001,0x0001,0x0001,0x0001,0x0001,0x0006
	.hword 0x0006,0x0006,0x0006,0x0001,0x0001,0x0001,0x0001,0x0001
	.hword 0x0005,0x0007,0x0004,0x0005,0x0003,0x0003,0x0003,0x0003
	.hword 0x0003,0x0003,0x0003,0x0003,0x0003,0x0004,0x0005,0x0004
	.hword 0x0005,0x0001,0x0001,0x0001,0x0001,0x0001,0x0001,0x0009
	.hword 0x0009,0x0009,0x0009,0x0001,0x0001,0x0001,0x0001,0x0001

	.hword 0x0005,0x0003,0x0003,0x0003,0x0003,0x0003,0x0003,0x0003
	.hword 0x0003,0x0003,0x0003,0x0003,0x0003,0x0003,0x0003,0x0004
	.hword 0x0005,0x0001,0x0001,0x0001,0x0001,0x0001,0x0001,0x000A
	.hword 0x000A,0x000A,0x000A,0x0001,0x0001,0x0001,0x0001,0x0001
	.hword 0x0001,0x0405,0x0005,0x0007,0x0004,0x0005,0x0003,0x0003
	.hword 0x0003,0x0003,0x0003,0x0003,0x0003,0x0003,0x0003,0x0003
	.hword 0x0003,0x0001,0x0001,0x0001,0x0001,0x0001,0x0001,0x000D
	.hword 0x000D,0x000D,0x000D,0x0001,0x0001,0x0001,0x0001,0x0001

	.hword 0x0001,0x0001,0x0001,0x0405,0x0005,0x0004,0x0005,0x0003
	.hword 0x0003,0x0003,0x0003,0x0003,0x0003,0x0003,0x0003,0x0003
	.hword 0x0003,0x0001,0x0001,0x0001,0x0001,0x0001,0x0001,0x000F
	.hword 0x000F,0x000F,0x000F,0x0001,0x0001,0x0001,0x0038,0x000B
	.hword 0x0001,0x0001,0x0001,0x0001,0x0001,0x0405,0x0005,0x0007
	.hword 0x0004,0x0005,0x0003,0x0007,0x0004,0x0005,0x0003,0x0003
	.hword 0x0003,0x0001,0x0001,0x0001,0x0001,0x0001,0x0001,0x000F
	.hword 0x000F,0x000F,0x000F,0x0001,0x0039,0x000E,0x000E,0x000E

	.hword 0x0001,0x0001,0x0001,0x0001,0x0001,0x0001,0x0001,0x0405
	.hword 0x0005,0x0004,0x0005,0x0004,0x0005,0x0004,0x0005,0x0003
	.hword 0x0003,0x0001,0x0001,0x0001,0x0001,0x0001,0x0001,0x000F
	.hword 0x000F,0x000F,0x000F,0x000E,0x000E,0x000E,0x000E,0x000E
	.hword 0x0001,0x0001,0x0001,0x0001,0x0001,0x0001,0x0001,0x0001
	.hword 0x0001,0x0405,0x0005,0x0004,0x0005,0x0003,0x0003,0x0004
	.hword 0x0005,0x0001,0x0001,0x0001,0x0001,0x0001,0x0001,0x000F
	.hword 0x000F,0x000F,0x000F,0x000E,0x000E,0x000E,0x000E,0x000E

	.hword 0x0001,0x0001,0x0001,0x0001,0x0001,0x0001,0x0001,0x0001
	.hword 0x0001,0x0039,0x000E,0x0010,0x0005,0x0004,0x0005,0x0003
	.hword 0x0003,0x0001,0x0001,0x0001,0x0001,0x0001,0x0039,0x000F
	.hword 0x000F,0x000F,0x000F,0x000E,0x000E,0x000E,0x000E,0x000E
	.hword 0x0001,0x0001,0x0001,0x0001,0x0001,0x0001,0x0001,0x0072
	.hword 0x000E,0x000E,0x000E,0x000E,0x000E,0x0010,0x0005,0x0004
	.hword 0x0005,0x0001,0x0001,0x0001,0x0039,0x000E,0x000E,0x000F
	.hword 0x000F,0x000F,0x000F,0x000E,0x000E,0x000E,0x000E,0x000E

	.hword 0x0001,0x0001,0x0001,0x0001,0x0001,0x003B,0x000D,0x000D
	.hword 0x0011,0x0011,0x0011,0x0011,0x0011,0x0011,0x0011,0x0012
	.hword 0x0005,0x0001,0x003B,0x0011,0x0011,0x0011,0x0011,0x0014
	.hword 0x0014,0x0014,0x0014,0x0011,0x0011,0x0011,0x0011,0x0011
	.hword 0x0001,0x0001,0x0001,0x001B,0x0013,0x0013,0x000F,0x000F
	.hword 0x0013,0x0013,0x0013,0x0013,0x0013,0x0013,0x0013,0x0013
	.hword 0x0013,0x0013,0x0013,0x0013,0x0013,0x0013,0x0016,0x0017
	.hword 0x0017,0x0017,0x0017,0x0018,0x0013,0x0013,0x0013,0x0013

	.hword 0x0001,0x001B,0x0013,0x0013,0x0013,0x0013,0x000F,0x000F
	.hword 0x0013,0x0013,0x0013,0x0013,0x0013,0x0013,0x0013,0x0013
	.hword 0x0013,0x0013,0x0013,0x0013,0x0013,0x0016,0x0019,0x0002
	.hword 0x0002,0x0002,0x0002,0x001A,0x0018,0x0013,0x0013,0x0013
	.hword 0x0013,0x0013,0x0013,0x0013,0x0013,0x0013,0x000F,0x000F
	.hword 0x0013,0x0013,0x0013,0x0013,0x0013,0x0013,0x0013,0x0013
	.hword 0x0013,0x0013,0x0013,0x0013,0x0013,0x0C18,0x0C1A,0x001F
	.hword 0x0020,0x0001,0x0001,0x003C,0x0818,0x0013,0x0013,0x0013

	.hword 0x001C,0x001C,0x001C,0x001C,0x001C,0x001C,0x000F,0x000F
	.hword 0x001C,0x001C,0x001C,0x001C,0x001C,0x001C,0x001C,0x001C
	.hword 0x001C,0x001C,0x001C,0x001C,0x001C,0x001C,0x001D,0x001E
	.hword 0x0003,0x0001,0x0021,0x041D,0x001C,0x001C,0x001C,0x001C
	.hword 0x0024,0x0024,0x0024,0x0024,0x0024,0x0024,0x000F,0x000F
	.hword 0x0024,0x0024,0x0024,0x0024,0x0024,0x0024,0x0024,0x0024
	.hword 0x0024,0x0024,0x0024,0x0024,0x0024,0x0024,0x0024,0x0025
	.hword 0x0026,0x0027,0x0425,0x0024,0x0024,0x0024,0x0024,0x0024

	.hword 0x0024,0x0024,0x0024,0x0024,0x0024,0x0024,0x000F,0x000F
	.hword 0x0024,0x0024,0x0024,0x0024,0x0024,0x0024,0x0024,0x0024
	.hword 0x0024,0x0024,0x0024,0x0024,0x0024,0x0024,0x0024,0x0024
	.hword 0x002A,0x042A,0x0024,0x0024,0x0024,0x0024,0x0024,0x0024
	.hword 0x0024,0x0024,0x0024,0x0024,0x0024,0x0024,0x0014,0x0014
	.hword 0x0024,0x0024,0x0024,0x0024,0x0024,0x0024,0x0024,0x0024
	.hword 0x0024,0x0024,0x0024,0x0024,0x0024,0x0024,0x0024,0x0024
	.hword 0x0024,0x0024,0x0024,0x0024,0x0024,0x0024,0x0024,0x0024

	.hword 0x002B,0x002B,0x002B,0x002B,0x002B,0x003D,0x0017,0x0017
	.hword 0x003E,0x002B,0x002B,0x002B,0x002B,0x002B,0x002B,0x002B
	.hword 0x002B,0x002B,0x002B,0x002B,0x002B,0x002B,0x002B,0x002B
	.hword 0x002B,0x002B,0x002B,0x002B,0x002B,0x002B,0x002B,0x002B
	.hword 0x002C,0x002C,0x002C,0x002C,0x003F,0x0040,0x0002,0x0002
	.hword 0x0041,0x0042,0x002C,0x002C,0x002C,0x002C,0x002C,0x002C
	.hword 0x002C,0x002C,0x002C,0x002C,0x002C,0x002C,0x002C,0x002C
	.hword 0x002C,0x002C,0x002C,0x002C,0x002C,0x002C,0x002C,0x002C

	.hword 0x002C,0x002C,0x002C,0x002C,0x0C42,0x0C41,0x001F,0x0001
	.hword 0x0043,0x0842,0x002C,0x002C,0x002C,0x002C,0x002C,0x002C
	.hword 0x002C,0x002C,0x002C,0x002C,0x002C,0x002C,0x002C,0x002C
	.hword 0x002C,0x002C,0x002C,0x002C,0x002C,0x002C,0x002C,0x002C
	.hword 0x002C,0x002C,0x002C,0x002C,0x002C,0x0C42,0x0C41,0x0043
	.hword 0x0842,0x002C,0x002C,0x002C,0x002C,0x002C,0x002C,0x002C
	.hword 0x002C,0x002C,0x002C,0x002C,0x002C,0x002C,0x002C,0x002C
	.hword 0x002C,0x002C,0x002C,0x002C,0x002C,0x002C,0x002C,0x002C

	.hword 0x002D,0x002D,0x002D,0x002D,0x002D,0x002D,0x0044,0x0444
	.hword 0x002D,0x002D,0x002D,0x002D,0x002D,0x002D,0x002D,0x002D
	.hword 0x002D,0x002D,0x002D,0x002D,0x002D,0x002D,0x002D,0x002D
	.hword 0x002D,0x002D,0x002D,0x002D,0x002D,0x002D,0x002D,0x002D
	.hword 0x002E,0x002E,0x002E,0x002E,0x002E,0x002E,0x002E,0x002E
	.hword 0x002E,0x002E,0x002E,0x002E,0x002E,0x002E,0x002E,0x002E
	.hword 0x002E,0x002E,0x002E,0x002E,0x002E,0x002E,0x002E,0x002E
	.hword 0x002E,0x002E,0x002E,0x002E,0x002E,0x002E,0x002E,0x002E

	.hword 0x002E,0x002E,0x002E,0x002E,0x002E,0x002E,0x002E,0x002E
	.hword 0x002E,0x002E,0x002E,0x002E,0x002E,0x002E,0x002E,0x002E
	.hword 0x002E,0x002E,0x002E,0x002E,0x002E,0x002E,0x002E,0x002E
	.hword 0x002E,0x002E,0x002E,0x002E,0x002E,0x002E,0x002E,0x002E
	.hword 0x002F,0x002F,0x002F,0x002F,0x002F,0x002F,0x002F,0x002F
	.hword 0x002F,0x002F,0x002F,0x002F,0x002F,0x002F,0x002F,0x002F
	.hword 0x002F,0x002F,0x002F,0x002F,0x002F,0x002F,0x002F,0x002F
	.hword 0x002F,0x002F,0x002F,0x002F,0x002F,0x002F,0x002F,0x002F

	.hword 0x0030,0x0030,0x0030,0x0030,0x0030,0x0030,0x0030,0x0030
	.hword 0x0030,0x0030,0x0030,0x0030,0x0030,0x0030,0x0030,0x0030
	.hword 0x0030,0x0030,0x0030,0x0030,0x0030,0x0030,0x0030,0x0030
	.hword 0x0030,0x0030,0x0030,0x0030,0x0030,0x0030,0x0030,0x0030
	.hword 0x0C2F,0x0C2F,0x0C2F,0x0C2F,0x0C2F,0x0C2F,0x0045,0x0046
	.hword 0x0C2F,0x0C2F,0x0C2F,0x0C2F,0x0C2F,0x0C2F,0x0C2F,0x0C2F
	.hword 0x0C2F,0x0C2F,0x0C2F,0x0C2F,0x0C2F,0x0C2F,0x0C2F,0x0C2F
	.hword 0x0C2F,0x0C2F,0x0C2F,0x0C2F,0x0C2F,0x0C2F,0x0C2F,0x0C2F

	.hword 0x002F,0x002F,0x002F,0x002F,0x002F,0x0047,0x0048,0x0049
	.hword 0x004A,0x002F,0x002F,0x002F,0x002F,0x002F,0x002F,0x002F
	.hword 0x002F,0x002F,0x002F,0x002F,0x002F,0x002F,0x002F,0x002F
	.hword 0x002F,0x002F,0x002F,0x002F,0x002F,0x002F,0x002F,0x002F
	.hword 0x0030,0x0030,0x0030,0x0030,0x004B,0x004C,0x004D,0x0003
	.hword 0x004E,0x004F,0x0030,0x0030,0x0030,0x0030,0x0030,0x0030
	.hword 0x0030,0x0030,0x0030,0x0030,0x0030,0x0030,0x0030,0x0030
	.hword 0x0030,0x0030,0x0030,0x0030,0x0030,0x0030,0x0030,0x0030

	.hword 0x0030,0x0030,0x0030,0x004B,0x004C,0x0050,0x0051,0x0C20
	.hword 0x0052,0x004E,0x004F,0x0030,0x0030,0x0030,0x0030,0x0030
	.hword 0x0030,0x0030,0x0030,0x0030,0x0030,0x0030,0x0030,0x0030
	.hword 0x0030,0x0030,0x0030,0x0030,0x0030,0x0030,0x0030,0x0030
	.hword 0x0030,0x0030,0x0030,0x0C4F,0x0C4E,0x0C52,0x0002,0x0002
	.hword 0x0001,0x0053,0x084F,0x0030,0x0030,0x0030,0x0030,0x0030
	.hword 0x0030,0x0030,0x0030,0x0030,0x0030,0x0030,0x0030,0x0030
	.hword 0x0054,0x0055,0x0030,0x0030,0x0030,0x0030,0x0030,0x0030

	.hword 0x0030,0x0030,0x0030,0x0030,0x0030,0x0030,0x0030,0x0030
	.hword 0x0030,0x0030,0x0030,0x0030,0x0030,0x0030,0x0030,0x0030
	.hword 0x0030,0x0030,0x0030,0x0031,0x0034,0x0037,0x0034,0x0405
	.hword 0x0404,0x0037,0x0404,0x0405,0x0404,0x0405,0x0404,0x0405
	.hword 0x0030,0x0030,0x0030,0x0030,0x0030,0x0030,0x0030,0x0030
	.hword 0x0030,0x0030,0x0030,0x0030,0x0030,0x0030,0x0030,0x0030
	.hword 0x0030,0x0030,0x0031,0x0034,0x0037,0x0034,0x0037,0x0034
	.hword 0x0037,0x0034,0x0405,0x0404,0x0405,0x0404,0x0405,0x0404

	.hword 0x0030,0x0030,0x0030,0x0030,0x0030,0x0030,0x0030,0x0030
	.hword 0x0030,0x0030,0x0030,0x0030,0x0030,0x0030,0x0030,0x0030
	.hword 0x0030,0x0031,0x0034,0x0037,0x0034,0x0037,0x0034,0x0037
	.hword 0x0034,0x0037,0x0404,0x0405,0x0404,0x0405,0x0404,0x0405
	.hword 0x0C2F,0x0C2F,0x0C2F,0x0C2F,0x0C2F,0x0C2F,0x0C2F,0x0C2F
	.hword 0x0C2F,0x0C2F,0x0C2F,0x0C2F,0x0C2F,0x0C2F,0x0C2F,0x0C2F
	.hword 0x0033,0x0034,0x0037,0x0034,0x0037,0x0034,0x0037,0x0034
	.hword 0x0037,0x0034,0x0405,0x0404,0x0405,0x0404,0x0405,0x0404

	.hword 0x002F,0x002F,0x002F,0x002F,0x002F,0x002F,0x002F,0x002F
	.hword 0x002F,0x002F,0x002F,0x002F,0x002F,0x002F,0x002F,0x0036
	.hword 0x0034,0x0037,0x0034,0x0037,0x0034,0x0037,0x0034,0x0037
	.hword 0x0034,0x0037,0x0404,0x0405,0x0404,0x0405,0x0404,0x0405
	.hword 0x0030,0x0030,0x0030,0x0030,0x0054,0x0055,0x0030,0x0030
	.hword 0x0030,0x0030,0x0030,0x0030,0x0030,0x0030,0x0031,0x0034
	.hword 0x0405,0x0404,0x0405,0x0404,0x0037,0x0034,0x0037,0x0034
	.hword 0x0037,0x0034,0x0405,0x0404,0x0405,0x0404,0x0405,0x0404

	.hword 0x0C2F,0x0C2F,0x0C2F,0x0056,0x0057,0x0058,0x0059,0x0C2F
	.hword 0x0C2F,0x0C2F,0x0C2F,0x0C2F,0x0C2F,0x0033,0x0034,0x0037
	.hword 0x0034,0x0405,0x0404,0x0037,0x0034,0x0037,0x0034,0x0037
	.hword 0x0034,0x0037,0x0404,0x0405,0x0404,0x0405,0x0404,0x0405
	.hword 0x002E,0x002E,0x005A,0x0048,0x004D,0x0003,0x0049,0x005B
	.hword 0x002E,0x002E,0x002E,0x002E,0x005C,0x0034,0x0037,0x0034
	.hword 0x0405,0x0404,0x0037,0x0034,0x0037,0x0034,0x0037,0x0034
	.hword 0x0037,0x0034,0x0405,0x0404,0x0405,0x0404,0x0405,0x0404

	.hword 0x002E,0x005A,0x0048,0x004D,0x004D,0x0003,0x0003,0x0049
	.hword 0x005B,0x002E,0x002E,0x005C,0x0034,0x0037,0x0034,0x0037
	.hword 0x0034,0x0037,0x0034,0x0037,0x0034,0x0037,0x0034,0x0037
	.hword 0x0034,0x0037,0x0404,0x0405,0x0404,0x0405,0x0404,0x0405
	.hword 0x005D,0x005E,0x0050,0x0051,0x0051,0x0C20,0x0C20,0x0052
	.hword 0x005F,0x0060,0x0061,0x0034,0x0037,0x0034,0x0037,0x0034
	.hword 0x0037,0x0034,0x0037,0x0034,0x0037,0x0034,0x0037,0x0034
	.hword 0x0037,0x0034,0x0405,0x0404,0x0405,0x0404,0x0405,0x0404

	.hword 0x0C42,0x0C41,0x0C52,0x0002,0x0002,0x0002,0x0002,0x0001
	.hword 0x0043,0x0062,0x0034,0x0037,0x0034,0x0037,0x0034,0x0037
	.hword 0x0034,0x0037,0x0034,0x0037,0x0034,0x0037,0x0034,0x0037
	.hword 0x0034,0x0037,0x0404,0x0405,0x0404,0x0405,0x0404,0x0405
	.hword 0x002C,0x0C42,0x0C41,0x0006,0x0006,0x0006,0x0006,0x0043
	.hword 0x0062,0x0034,0x0037,0x0034,0x0037,0x0034,0x0037,0x0034
	.hword 0x0037,0x0034,0x0037,0x0034,0x0037,0x0034,0x0037,0x0034
	.hword 0x0037,0x0034,0x0405,0x0404,0x0405,0x0404,0x0405,0x0404

	.hword 0x002C,0x002C,0x0C42,0x0009,0x0009,0x0009,0x0009,0x0062
	.hword 0x0034,0x0037,0x0034,0x0037,0x0034,0x0037,0x0034,0x0037
	.hword 0x0034,0x0037,0x0034,0x0405,0x0404,0x0037,0x0034,0x0037
	.hword 0x0034,0x0037,0x0404,0x0405,0x0404,0x0405,0x0404,0x0405
	.hword 0x002C,0x002C,0x002C,0x000A,0x000A,0x000A,0x000A,0x0034
	.hword 0x0037,0x0034,0x0037,0x0034,0x0037,0x0034,0x0037,0x0034
	.hword 0x0037,0x0034,0x0405,0x0404,0x0037,0x0034,0x0037,0x0034
	.hword 0x0037,0x0034,0x0405,0x0404,0x0405,0x0404,0x0405,0x0404

	.hword 0x0C2B,0x0C2B,0x0C2B,0x000D,0x000D,0x000D,0x000D,0x0037
	.hword 0x0034,0x0037,0x0034,0x0037,0x0034,0x0037,0x0034,0x0037
	.hword 0x0034,0x0037,0x0034,0x0037,0x0034,0x0405,0x0404,0x0037
	.hword 0x0034,0x0037,0x0404,0x0405,0x0404,0x0405,0x0404,0x0405
	.hword 0x0024,0x0024,0x0024,0x000F,0x000F,0x000F,0x000F,0x0034
	.hword 0x0037,0x0034,0x0037,0x0034,0x0037,0x0034,0x0037,0x0034
	.hword 0x0037,0x0034,0x0037,0x0034,0x0037,0x0034,0x0037,0x0034
	.hword 0x0037,0x0034,0x0405,0x0404,0x0405,0x0404,0x0405,0x0404

	.hword 0x0024,0x0024,0x0024,0x000F,0x000F,0x000F,0x000F,0x0037
	.hword 0x0034,0x0037,0x0034,0x0037,0x0034,0x0037,0x0034,0x0037
	.hword 0x0034,0x0037,0x0034,0x0037,0x0034,0x0037,0x0034,0x0037
	.hword 0x0034,0x0037,0x0404,0x0405,0x0404,0x0405,0x0404,0x0405
	.hword 0x0024,0x0024,0x0063,0x000F,0x000F,0x000F,0x000F,0x0034
	.hword 0x0037,0x0034,0x0037,0x0034,0x0037,0x0034,0x0037,0x0034
	.hword 0x0037,0x0034,0x0037,0x0034,0x0037,0x0034,0x0037,0x0034
	.hword 0x0037,0x0034,0x0405,0x0404,0x0405,0x0404,0x0405,0x0404

	.hword 0x0C1C,0x0064,0x0034,0x000F,0x000F,0x000F,0x000F,0x0037
	.hword 0x0034,0x0037,0x0034,0x0037,0x0034,0x0037,0x0034,0x0037
	.hword 0x0034,0x0037,0x0034,0x0037,0x0034,0x0037,0x0034,0x0037
	.hword 0x0034,0x0037,0x0404,0x0405,0x0404,0x0405,0x0404,0x0405
	.hword 0x0065,0x0034,0x0037,0x000F,0x000F,0x000F,0x000F,0x0034
	.hword 0x0037,0x0034,0x0037,0x0034,0x0037,0x0034,0x0037,0x0034
	.hword 0x0037,0x0034,0x0037,0x0034,0x0037,0x0034,0x0037,0x0034
	.hword 0x0037,0x0034,0x0405,0x0404,0x0405,0x0404,0x0001,0x0001

	.hword 0x0034,0x0037,0x0034,0x000F,0x000F,0x000F,0x000F,0x0037
	.hword 0x0034,0x0037,0x0034,0x0037,0x0034,0x0037,0x0034,0x0037
	.hword 0x0034,0x0037,0x0034,0x0037,0x0034,0x0037,0x0034,0x0037
	.hword 0x0034,0x0037,0x0404,0x0405,0x0404,0x0405,0x0404,0x0405
	.hword 0x0037,0x0034,0x0037,0x0014,0x0014,0x0014,0x0014,0x0034
	.hword 0x0037,0x0034,0x0037,0x0034,0x0037,0x0034,0x0037,0x0034
	.hword 0x0037,0x0034,0x0037,0x0034,0x0037,0x0034,0x0037,0x0034
	.hword 0x0037,0x0034,0x0405,0x0404,0x0405,0x0404,0x0405,0x0404

	.hword 0x0034,0x0037,0x0034,0x0017,0x0017,0x0017,0x0017,0x0037
	.hword 0x0034,0x0037,0x0034,0x0037,0x0034,0x0037,0x0034,0x0037
	.hword 0x0034,0x0037,0x0034,0x0037,0x0034,0x0037,0x0034,0x0037
	.hword 0x0034,0x0037,0x0404,0x0405,0x0404,0x0405,0x0404,0x0405
	.hword 0x0037,0x0034,0x0037,0x0002,0x0002,0x0002,0x0002,0x0034
	.hword 0x0037,0x0034,0x0037,0x0034,0x0037,0x0034,0x0037,0x0034
	.hword 0x0037,0x0034,0x0037,0x0034,0x0037,0x0034,0x0037,0x0034
	.hword 0x0037,0x0034,0x0405,0x0404,0x0405,0x0404,0x0405,0x0404

	.hword 0x0034,0x0037,0x0034,0x0006,0x0006,0x0006,0x0006,0x0037
	.hword 0x0034,0x0037,0x0034,0x0037,0x0034,0x0037,0x0034,0x0037
	.hword 0x0034,0x0037,0x0034,0x0037,0x0034,0x0037,0x0034,0x0037
	.hword 0x0034,0x0037,0x0404,0x0405,0x0404,0x0405,0x0404,0x0405
	.hword 0x0066,0x0034,0x0037,0x0009,0x0009,0x0009,0x0009,0x0034
	.hword 0x0037,0x0034,0x0037,0x0034,0x0037,0x0034,0x0037,0x0034
	.hword 0x0037,0x0034,0x0037,0x0034,0x0037,0x0034,0x0037,0x0034
	.hword 0x0037,0x0034,0x0405,0x0404,0x0405,0x0404,0x0405,0x0404

	.hword 0x0405,0x0066,0x0034,0x000A,0x000A,0x000A,0x000A,0x0405
	.hword 0x0404,0x0037,0x0034,0x0037,0x0034,0x0037,0x0034,0x0037
	.hword 0x0034,0x0037,0x0034,0x0037,0x0034,0x0037,0x0034,0x0037
	.hword 0x0034,0x0037,0x0404,0x0405,0x0404,0x0405,0x0404,0x0405
	.hword 0x0404,0x0405,0x0066,0x000D,0x000D,0x000D,0x000D,0x0034
	.hword 0x0405,0x0404,0x0037,0x0034,0x0037,0x0034,0x0037,0x0034
	.hword 0x0037,0x0034,0x0037,0x0034,0x0037,0x0034,0x0037,0x0034
	.hword 0x0037,0x0034,0x0405,0x0404,0x0405,0x0404,0x0405,0x0067

	.hword 0x0405,0x0404,0x0405,0x000F,0x000F,0x000F,0x000F,0x0037
	.hword 0x0034,0x0037,0x0034,0x0037,0x0034,0x0037,0x0034,0x0037
	.hword 0x0034,0x0037,0x0034,0x0037,0x0034,0x0037,0x0034,0x0037
	.hword 0x0034,0x0037,0x0404,0x0405,0x0404,0x0405,0x0067,0x0034
	.hword 0x0404,0x0405,0x0404,0x000F,0x000F,0x000F,0x000F,0x0034
	.hword 0x0037,0x0034,0x0037,0x0034,0x0037,0x0034,0x0037,0x0034
	.hword 0x0037,0x0034,0x0037,0x0034,0x0037,0x0034,0x0037,0x0034
	.hword 0x0037,0x0034,0x0405,0x0404,0x0405,0x0067,0x0034,0x0037

	.hword 0x0405,0x0404,0x0405,0x000F,0x000F,0x000F,0x000F,0x0037
	.hword 0x0034,0x0037,0x0034,0x0037,0x0034,0x0037,0x0034,0x0037
	.hword 0x0034,0x0037,0x0034,0x0037,0x0034,0x0037,0x0034,0x0037
	.hword 0x0034,0x0037,0x0404,0x0405,0x0067,0x0034,0x0037,0x0034
	.hword 0x0404,0x0405,0x0404,0x000F,0x000F,0x000F,0x000F,0x0034
	.hword 0x0037,0x0034,0x0037,0x0034,0x0037,0x0034,0x0037,0x0034
	.hword 0x0037,0x0034,0x0037,0x0034,0x0037,0x0034,0x0037,0x0034
	.hword 0x0037,0x0034,0x0405,0x0067,0x0034,0x0037,0x0034,0x0037

	.hword 0x0032,0x0030,0x0030,0x0030,0x0C4F,0x0C4E,0x0006,0x0006
	.hword 0x0053,0x084F,0x0030,0x0030,0x0030,0x0030,0x0030,0x0030
	.hword 0x0030,0x0030,0x0030,0x0030,0x0030,0x0030,0x0030,0x004B
	.hword 0x004C,0x004E,0x004F,0x0030,0x0030,0x0030,0x0030,0x0030
	.hword 0x0405,0x0032,0x0030,0x0030,0x0030,0x0C4F,0x0009,0x0009
	.hword 0x084F,0x0030,0x0030,0x0030,0x0030,0x0030,0x0030,0x0030
	.hword 0x0030,0x0030,0x0030,0x0030,0x0030,0x0030,0x004B,0x004C
	.hword 0x004D,0x0003,0x004E,0x004F,0x0030,0x0030,0x0030,0x0030

	.hword 0x0404,0x0405,0x0032,0x0030,0x0030,0x0030,0x000A,0x000A
	.hword 0x0030,0x0030,0x0030,0x0030,0x0030,0x0030,0x0030,0x0030
	.hword 0x0030,0x0030,0x0030,0x0030,0x0030,0x004B,0x004C,0x004D
	.hword 0x004D,0x0003,0x0003,0x004E,0x004F,0x0030,0x0030,0x0030
	.hword 0x0405,0x0404,0x0405,0x0035,0x0C2F,0x0C2F,0x000D,0x000D
	.hword 0x0C2F,0x0C2F,0x0C2F,0x0C2F,0x0C2F,0x0C2F,0x0C2F,0x0C2F
	.hword 0x0C2F,0x0C2F,0x0C2F,0x0C2F,0x0056,0x0057,0x004D,0x004D
	.hword 0x004D,0x0003,0x0003,0x0003,0x0058,0x0059,0x0C2F,0x0C2F

	.hword 0x0404,0x0405,0x0404,0x0405,0x0835,0x002F,0x000F,0x000F
	.hword 0x002F,0x002F,0x002F,0x002F,0x002F,0x002F,0x002F,0x002F
	.hword 0x002F,0x002F,0x002F,0x0047,0x0048,0x004D,0x0050,0x0051
	.hword 0x0051,0x0C20,0x0C20,0x0052,0x0003,0x0049,0x004A,0x002F
	.hword 0x0405,0x0404,0x0405,0x0404,0x0405,0x0032,0x000F,0x000F
	.hword 0x0030,0x0030,0x0030,0x0030,0x0030,0x0030,0x0030,0x0030
	.hword 0x0030,0x0030,0x0030,0x0C4F,0x0C4E,0x0003,0x0C52,0x0002
	.hword 0x0002,0x0002,0x0002,0x0001,0x0001,0x0053,0x084F,0x0030

	.hword 0x0404,0x0405,0x0404,0x0405,0x0404,0x0405,0x0068,0x000F
	.hword 0x0C2F,0x0C2F,0x0C2F,0x0C2F,0x0C2F,0x0C2F,0x0C2F,0x0C2F
	.hword 0x0C2F,0x0C2F,0x0C2F,0x0C2F,0x0C4A,0x0C49,0x0003,0x0006
	.hword 0x0006,0x0006,0x0006,0x0001,0x0069,0x084A,0x0C2F,0x0C2F
	.hword 0x0405,0x0404,0x0405,0x0404,0x0405,0x0404,0x0405,0x0068
	.hword 0x002E,0x002E,0x002E,0x002E,0x002E,0x002E,0x002E,0x002E
	.hword 0x002E,0x002E,0x002E,0x002E,0x002E,0x0C5B,0x0C49,0x0009
	.hword 0x0009,0x0009,0x0009,0x0069,0x085B,0x002E,0x002E,0x002E

	.hword 0x0404,0x0405,0x0404,0x0405,0x0404,0x0405,0x0404,0x0405
	.hword 0x006B,0x002E,0x002E,0x002E,0x002E,0x002E,0x002E,0x002E
	.hword 0x002E,0x002E,0x002E,0x002E,0x002E,0x002E,0x0C5B,0x000A
	.hword 0x000A,0x000A,0x000A,0x085B,0x002E,0x002E,0x002E,0x002E
	.hword 0x0405,0x0404,0x0405,0x0404,0x0405,0x0404,0x0405,0x0404
	.hword 0x0405,0x006C,0x0C2D,0x0C2D,0x0C2D,0x0C2D,0x0C2D,0x0C2D
	.hword 0x0C2D,0x0C2D,0x0C2D,0x0C2D,0x0C2D,0x0C2D,0x0C2D,0x000D
	.hword 0x000D,0x000D,0x000D,0x0C2D,0x0C2D,0x0C2D,0x0C2D,0x0C2D

	.hword 0x0404,0x0405,0x0404,0x0405,0x0404,0x0405,0x0404,0x0405
	.hword 0x0404,0x0405,0x006D,0x002C,0x002C,0x002C,0x002C,0x002C
	.hword 0x006E,0x006D,0x002C,0x002C,0x002C,0x002C,0x002C,0x000F
	.hword 0x000F,0x000F,0x000F,0x002C,0x002C,0x002C,0x002C,0x002C
	.hword 0x0405,0x0404,0x0405,0x0404,0x0405,0x0404,0x0405,0x0404
	.hword 0x0405,0x0404,0x0405,0x006D,0x002C,0x002C,0x002C,0x006E
	.hword 0x0034,0x0405,0x006D,0x002C,0x002C,0x002C,0x002C,0x000F
	.hword 0x000F,0x000F,0x000F,0x002C,0x002C,0x002C,0x002C,0x002C

	.hword 0x0404,0x0405,0x0404,0x0405,0x0404,0x0405,0x0404,0x0405
	.hword 0x0404,0x0405,0x0404,0x0405,0x006D,0x002C,0x006E,0x0034
	.hword 0x0037,0x0404,0x0405,0x006D,0x002C,0x002C,0x002C,0x000F
	.hword 0x000F,0x000F,0x000F,0x002C,0x002C,0x002C,0x002C,0x002C
	.hword 0x0405,0x0404,0x0405,0x0404,0x0405,0x0404,0x0405,0x0404
	.hword 0x0405,0x0404,0x0405,0x0404,0x0405,0x0067,0x0034,0x0037
	.hword 0x0034,0x0405,0x0404,0x0405,0x006D,0x002C,0x002C,0x000F
	.hword 0x000F,0x000F,0x000F,0x002C,0x002C,0x002C,0x002C,0x002C

	.hword 0x0404,0x0405,0x0404,0x0405,0x0404,0x0405,0x0404,0x0405
	.hword 0x0404,0x0405,0x0404,0x0405,0x0067,0x0034,0x0037,0x0034
	.hword 0x0037,0x0404,0x0405,0x0404,0x0405,0x006F,0x0C2B,0x000F
	.hword 0x000F,0x000F,0x000F,0x0C2B,0x0C2B,0x0C2B,0x0C2B,0x0C2B
	.hword 0x0405,0x0404,0x0405,0x0404,0x0405,0x0404,0x0405,0x0404
	.hword 0x0405,0x0404,0x0405,0x0067,0x0034,0x0037,0x0034,0x0037
	.hword 0x0034,0x0405,0x0404,0x0405,0x0404,0x0405,0x0070,0x000F
	.hword 0x000F,0x000F,0x000F,0x0024,0x0024,0x0024,0x0024,0x0024

	.hword 0x0404,0x0405,0x0404,0x0405,0x0404,0x0405,0x0404,0x0405
	.hword 0x0404,0x0405,0x0067,0x0034,0x0037,0x0034,0x0405,0x0404
	.hword 0x0037,0x0404,0x0405,0x0404,0x0405,0x0404,0x0405,0x0014
	.hword 0x0014,0x0014,0x0014,0x0024,0x0024,0x0024,0x0024,0x0024
	.hword 0x0405,0x0404,0x0405,0x0404,0x0405,0x0404,0x0405,0x0404
	.hword 0x0405,0x0067,0x0034,0x0037,0x0034,0x0037,0x0034,0x0037
	.hword 0x0034,0x0405,0x0404,0x0405,0x0404,0x0405,0x0404,0x0017
	.hword 0x0017,0x0017,0x0017,0x0024,0x0024,0x0024,0x0024,0x0024

	.hword 0x0404,0x0405,0x0404,0x0405,0x0404,0x0405,0x0404,0x0405
	.hword 0x0067,0x0034,0x0037,0x0034,0x0037,0x0034,0x0037,0x0034
	.hword 0x0037,0x0404,0x0405,0x0404,0x0001,0x0001,0x0405,0x0002
	.hword 0x0002,0x0002,0x0002,0x0C1C,0x0C1C,0x0C1C,0x0C1C,0x0C1C
	.hword 0x0405,0x0404,0x0405,0x0404,0x0405,0x0404,0x0405,0x0067
	.hword 0x0034,0x0037,0x0034,0x0037,0x0034,0x0037,0x0034,0x0037
	.hword 0x0034,0x0405,0x0404,0x0001,0x0001,0x0405,0x0404,0x0006
	.hword 0x0006,0x0006,0x0006,0x0013,0x0013,0x0013,0x0013,0x0013

	.hword 0x0404,0x0001,0x0001,0x0405,0x0404,0x0405,0x0067,0x0034
	.hword 0x0037,0x0034,0x0037,0x0034,0x0037,0x0034,0x0037,0x0034
	.hword 0x0037,0x0404,0x0405,0x0404,0x0405,0x0404,0x0405,0x0009
	.hword 0x0009,0x0009,0x0009,0x0071,0x0013,0x0013,0x0013,0x0065
	.hword 0x0001,0x0001,0x0405,0x0404,0x0405,0x0067,0x0034,0x0037
	.hword 0x0034,0x0037,0x0034,0x0037,0x0034,0x0037,0x0034,0x0037
	.hword 0x0034,0x0405,0x0404,0x0405,0x0404,0x0405,0x0404,0x000A
	.hword 0x000A,0x000A,0x000A,0x0405,0x0071,0x0013,0x0065,0x0034

	.hword 0x0404,0x0405,0x0404,0x0405,0x0067,0x0034,0x0037,0x0034
	.hword 0x0037,0x0034,0x0037,0x0034,0x0037,0x0034,0x0037,0x0034
	.hword 0x0037,0x0404,0x0405,0x0404,0x0405,0x0404,0x0405,0x000D
	.hword 0x000D,0x000D,0x000D,0x0404,0x0405,0x0066,0x0034,0x0037
	.hword 0x0405,0x0404,0x0405,0x0067,0x0034,0x0037,0x0034,0x0037
	.hword 0x0034,0x0405,0x0404,0x0405,0x0404,0x0037,0x0034,0x0037
	.hword 0x0034,0x0405,0x0404,0x0405,0x0404,0x0405,0x0404,0x000F
	.hword 0x000F,0x000F,0x000F,0x0405,0x0404,0x0405,0x0066,0x0034

	.hword 0x0404,0x0405,0x0067,0x0034,0x0037,0x0034,0x0037,0x0034
	.hword 0x0037,0x0034,0x0405,0x0404,0x0037,0x0034,0x0037,0x0034
	.hword 0x0037,0x0404,0x0405,0x0404,0x0405,0x0404,0x0405,0x000F
	.hword 0x000F,0x000F,0x000F,0x0404,0x0405,0x0404,0x0405,0x0066
	.hword 0x0405,0x0067,0x0034,0x0037,0x0034,0x0037,0x0034,0x0037
	.hword 0x0034,0x0037,0x0034,0x0037,0x0034,0x0037,0x0034,0x0037
	.hword 0x0034,0x0405,0x0404,0x0405,0x0404,0x0405,0x0404,0x000F
	.hword 0x000F,0x000F,0x000F,0x0405,0x0404,0x0405,0x0404,0x0405

	.hword 0x0067,0x0034,0x0037,0x0034,0x0037,0x0034,0x0037,0x0034
	.hword 0x0405,0x0404,0x0037,0x0034,0x0037,0x0034,0x0037,0x0034
	.hword 0x0037,0x0404,0x0405,0x0404,0x0405,0x0404,0x0405,0x000F
	.hword 0x000F,0x000F,0x000F,0x0404,0x0405,0x0404,0x0405,0x0404
	.hword 0x0034,0x0037,0x0034,0x0037,0x0034,0x0037,0x0034,0x0037
	.hword 0x0034,0x0037,0x0034,0x0037,0x0034,0x0037,0x0034,0x0037
	.hword 0x0034,0x0405,0x0404,0x0405,0x0404,0x0405,0x0404,0x000F
	.hword 0x000F,0x000F,0x000F,0x0405,0x0404,0x0405,0x0404,0x0405

	.hword 0x0037,0x0034,0x0037,0x0034,0x0037,0x0034,0x0037,0x0034
	.hword 0x0037,0x0034,0x0037,0x0034,0x0037,0x0034,0x0037,0x0034
	.hword 0x0037,0x0404,0x0405,0x0404,0x0405,0x0404,0x0405,0x000F
	.hword 0x000F,0x000F,0x000F,0x0404,0x0405,0x0404,0x0405,0x0404
	.hword 0x0034,0x0037,0x0034,0x0037,0x0034,0x0037,0x0034,0x0037
	.hword 0x0034,0x0037,0x0034,0x0037,0x0034,0x0037,0x0034,0x0037
	.hword 0x0034,0x0405,0x0404,0x0405,0x0404,0x0405,0x0404,0x0014
	.hword 0x0014,0x0014,0x0014,0x0405,0x0404,0x0405,0x0404,0x0405

	.hword 0x0037,0x0034,0x0037,0x0034,0x0037,0x0034,0x0037,0x0034
	.hword 0x0037,0x0034,0x0037,0x0034,0x0037,0x0034,0x0037,0x0034
	.hword 0x0037,0x0404,0x0405,0x0404,0x0405,0x0404,0x0405,0x0017
	.hword 0x0017,0x0017,0x0017,0x0404,0x0405,0x0404,0x0405,0x0404
	.hword 0x0034,0x0037,0x0034,0x0037,0x0034,0x0037,0x0034,0x0037
	.hword 0x0034,0x0037,0x0034,0x0037,0x0034,0x0037,0x0034,0x0037
	.hword 0x0034,0x0405,0x0404,0x0405,0x0404,0x0405,0x0404,0x0002
	.hword 0x0002,0x0002,0x0002,0x0405,0x0404,0x0405,0x0404,0x0405

	.hword 0x0001,0x0001,0x0001,0x000F,0x000F,0x000F,0x000F,0x0003
	.hword 0x0003,0x0003,0x0003,0x0003,0x0003,0x0003,0x0003,0x0003
	.hword 0x0003,0x0003,0x0003,0x0003,0x0004,0x0005,0x0004,0x0005
	.hword 0x0004,0x0005,0x0001,0x0405,0x0005,0x0004,0x0005,0x0003
	.hword 0x0001,0x0001,0x0001,0x000F,0x000F,0x000F,0x000F,0x0003
	.hword 0x0003,0x0003,0x0003,0x0003,0x0003,0x0003,0x0003,0x0003
	.hword 0x0003,0x0003,0x0004,0x0005,0x0007,0x0004,0x0005,0x0003
	.hword 0x0004,0x0005,0x0001,0x0001,0x0001,0x0405,0x0005,0x0004

	.hword 0x0001,0x0001,0x0008,0x000F,0x000F,0x000F,0x000F,0x0003
	.hword 0x0003,0x0003,0x0003,0x0003,0x0003,0x0003,0x0003,0x0003
	.hword 0x0004,0x0005,0x0004,0x0005,0x0003,0x0003,0x0003,0x0003
	.hword 0x0003,0x0003,0x0001,0x0001,0x0001,0x0001,0x0001,0x0405
	.hword 0x0008,0x0005,0x0004,0x000F,0x000F,0x000F,0x000F,0x0004
	.hword 0x0005,0x0003,0x0003,0x0003,0x0003,0x0003,0x0003,0x0003
	.hword 0x0007,0x0004,0x0005,0x0003,0x0003,0x0003,0x0003,0x0003
	.hword 0x0004,0x0005,0x0001,0x0001,0x0001,0x0001,0x0001,0x0001

	.hword 0x000B,0x000B,0x000C,0x000F,0x000F,0x000F,0x000F,0x0005
	.hword 0x0003,0x0003,0x0003,0x0003,0x0003,0x0003,0x0003,0x0003
	.hword 0x0003,0x0003,0x0003,0x0003,0x0003,0x0003,0x0003,0x0003
	.hword 0x0003,0x0003,0x0001,0x0001,0x0001,0x0001,0x0001,0x0001
	.hword 0x000E,0x000E,0x000E,0x000F,0x000F,0x000F,0x000F,0x0003
	.hword 0x0003,0x0003,0x0003,0x0003,0x0003,0x0003,0x0003,0x0003
	.hword 0x0003,0x0003,0x0003,0x0003,0x0003,0x0003,0x0003,0x0004
	.hword 0x0005,0x0003,0x0001,0x0001,0x0001,0x0001,0x0001,0x0001

	.hword 0x000E,0x000E,0x000E,0x0014,0x0014,0x0014,0x0014,0x0005
	.hword 0x0007,0x0004,0x0005,0x0003,0x0003,0x0003,0x0003,0x0003
	.hword 0x0003,0x0003,0x0003,0x0003,0x0003,0x0003,0x0004,0x0005
	.hword 0x0003,0x0003,0x0001,0x0001,0x0001,0x0001,0x0001,0x0001
	.hword 0x000E,0x000E,0x000E,0x0017,0x0017,0x0017,0x0017,0x000E
	.hword 0x0010,0x0005,0x0004,0x0005,0x0003,0x0003,0x0003,0x0003
	.hword 0x0003,0x0003,0x0003,0x0003,0x0003,0x0003,0x0003,0x0003
	.hword 0x0003,0x0003,0x0001,0x0001,0x0001,0x0001,0x0001,0x0001

	.hword 0x000E,0x000E,0x000E,0x0002,0x0002,0x0002,0x0002,0x000E
	.hword 0x000E,0x000E,0x0010,0x0005,0x0004,0x0005,0x0003,0x0003
	.hword 0x0003,0x0003,0x0003,0x0003,0x0003,0x0003,0x0003,0x0003
	.hword 0x0003,0x0003,0x0001,0x0001,0x0001,0x0001,0x0001,0x0001
	.hword 0x000E,0x000E,0x000E,0x0006,0x0006,0x0006,0x0006,0x000E
	.hword 0x000E,0x000E,0x000E,0x000E,0x0010,0x0005,0x0007,0x0004
	.hword 0x0005,0x0003,0x0003,0x0003,0x0003,0x0003,0x0003,0x0003
	.hword 0x0003,0x0003,0x0001,0x0001,0x0001,0x0001,0x0001,0x0001

	.hword 0x0011,0x0011,0x0011,0x0009,0x0009,0x0009,0x0009,0x0011
	.hword 0x0011,0x0011,0x0011,0x0011,0x0011,0x0011,0x0012,0x0005
	.hword 0x0004,0x0005,0x0007,0x0004,0x0005,0x0003,0x0003,0x0003
	.hword 0x0003,0x0003,0x0001,0x0001,0x0001,0x0001,0x0001,0x0001
	.hword 0x0013,0x0013,0x0013,0x000A,0x000A,0x000A,0x000A,0x0013
	.hword 0x0013,0x0013,0x0013,0x0013,0x0013,0x0013,0x0013,0x0013
	.hword 0x0015,0x0005,0x0004,0x0005,0x0004,0x0005,0x0003,0x0003
	.hword 0x0003,0x0003,0x0001,0x0001,0x0001,0x0001,0x0001,0x0001

	.hword 0x0013,0x0013,0x0016,0x000D,0x000D,0x000D,0x000D,0x0018
	.hword 0x0013,0x0013,0x0013,0x0013,0x0013,0x0013,0x0013,0x0013
	.hword 0x0013,0x0013,0x0015,0x0005,0x0004,0x0005,0x0003,0x0003
	.hword 0x0003,0x0003,0x0001,0x0001,0x0001,0x0001,0x0001,0x0001
	.hword 0x0013,0x0016,0x0019,0x000F,0x000F,0x000F,0x000F,0x001A
	.hword 0x0018,0x0013,0x0013,0x0013,0x0013,0x0013,0x0013,0x0013
	.hword 0x0013,0x0013,0x0013,0x0013,0x0015,0x0005,0x0007,0x0004
	.hword 0x0005,0x0003,0x0001,0x0001,0x0001,0x0001,0x0001,0x001B

	.hword 0x001C,0x001D,0x001E,0x001F,0x0020,0x0001,0x0001,0x0021
	.hword 0x041D,0x001C,0x001C,0x001C,0x001C,0x001C,0x001C,0x001C
	.hword 0x001C,0x001C,0x001C,0x001C,0x001C,0x001C,0x0022,0x0005
	.hword 0x0004,0x0005,0x0001,0x0001,0x0001,0x0023,0x001C,0x001C
	.hword 0x0024,0x0024,0x0025,0x0026,0x0003,0x0001,0x0027,0x0425
	.hword 0x0024,0x0024,0x0024,0x0024,0x0024,0x0024,0x0024,0x0024
	.hword 0x0024,0x0024,0x0024,0x0024,0x0024,0x0024,0x0024,0x0024
	.hword 0x0028,0x0005,0x0001,0x0029,0x0024,0x0024,0x0024,0x0024

	.hword 0x0024,0x0024,0x0024,0x0025,0x0026,0x0027,0x0425,0x0024
	.hword 0x0024,0x0024,0x0024,0x0024,0x0024,0x0024,0x0024,0x0024
	.hword 0x0024,0x0024,0x0024,0x0024,0x0024,0x0024,0x0024,0x0024
	.hword 0x0024,0x0024,0x0024,0x0024,0x0024,0x0024,0x0024,0x0024
	.hword 0x0024,0x0024,0x0024,0x0024,0x002A,0x042A,0x0024,0x0024
	.hword 0x0024,0x0024,0x0024,0x0024,0x0024,0x0024,0x0024,0x0024
	.hword 0x0024,0x0024,0x0024,0x0024,0x0024,0x0024,0x0024,0x0024
	.hword 0x0024,0x0024,0x0024,0x0024,0x0024,0x0024,0x0024,0x0024

	.hword 0x002B,0x002B,0x002B,0x002B,0x002B,0x002B,0x002B,0x002B
	.hword 0x002B,0x002B,0x002B,0x002B,0x002B,0x002B,0x002B,0x002B
	.hword 0x002B,0x002B,0x002B,0x002B,0x002B,0x002B,0x002B,0x002B
	.hword 0x002B,0x002B,0x002B,0x002B,0x002B,0x002B,0x002B,0x002B
	.hword 0x002C,0x002C,0x002C,0x002C,0x002C,0x002C,0x002C,0x002C
	.hword 0x002C,0x002C,0x002C,0x002C,0x002C,0x002C,0x002C,0x002C
	.hword 0x002C,0x002C,0x002C,0x002C,0x002C,0x002C,0x002C,0x002C
	.hword 0x002C,0x002C,0x002C,0x002C,0x002C,0x002C,0x002C,0x002C

	.hword 0x002C,0x002C,0x002C,0x002C,0x002C,0x002C,0x002C,0x002C
	.hword 0x002C,0x002C,0x002C,0x002C,0x002C,0x002C,0x002C,0x002C
	.hword 0x002C,0x002C,0x002C,0x002C,0x002C,0x002C,0x002C,0x002C
	.hword 0x002C,0x002C,0x002C,0x002C,0x002C,0x002C,0x002C,0x002C
	.hword 0x002C,0x002C,0x002C,0x002C,0x002C,0x002C,0x002C,0x002C
	.hword 0x002C,0x002C,0x002C,0x002C,0x002C,0x002C,0x002C,0x002C
	.hword 0x002C,0x002C,0x002C,0x002C,0x002C,0x002C,0x002C,0x002C
	.hword 0x002C,0x002C,0x002C,0x002C,0x002C,0x002C,0x002C,0x002C

	.hword 0x002D,0x002D,0x002D,0x002D,0x002D,0x002D,0x002D,0x002D
	.hword 0x002D,0x002D,0x002D,0x002D,0x002D,0x002D,0x002D,0x002D
	.hword 0x002D,0x002D,0x002D,0x002D,0x002D,0x002D,0x002D,0x002D
	.hword 0x002D,0x002D,0x002D,0x002D,0x002D,0x002D,0x002D,0x002D
	.hword 0x002E,0x002E,0x002E,0x002E,0x002E,0x002E,0x002E,0x002E
	.hword 0x002E,0x002E,0x002E,0x002E,0x002E,0x002E,0x002E,0x002E
	.hword 0x002E,0x002E,0x002E,0x002E,0x002E,0x002E,0x002E,0x002E
	.hword 0x002E,0x002E,0x002E,0x002E,0x002E,0x002E,0x002E,0x002E

	.hword 0x002E,0x002E,0x002E,0x002E,0x002E,0x002E,0x002E,0x002E
	.hword 0x002E,0x002E,0x002E,0x002E,0x002E,0x002E,0x002E,0x002E
	.hword 0x002E,0x002E,0x002E,0x002E,0x002E,0x002E,0x002E,0x002E
	.hword 0x002E,0x002E,0x002E,0x002E,0x002E,0x002E,0x002E,0x002E
	.hword 0x002F,0x002F,0x002F,0x002F,0x002F,0x002F,0x002F,0x002F
	.hword 0x002F,0x002F,0x002F,0x002F,0x002F,0x002F,0x002F,0x002F
	.hword 0x002F,0x002F,0x002F,0x002F,0x002F,0x002F,0x002F,0x002F
	.hword 0x002F,0x002F,0x002F,0x002F,0x002F,0x002F,0x002F,0x002F

	.hword 0x0030,0x0030,0x0030,0x0030,0x0030,0x0030,0x0030,0x0030
	.hword 0x0030,0x0030,0x0030,0x0030,0x0030,0x0030,0x0030,0x0030
	.hword 0x0030,0x0030,0x0030,0x0030,0x0030,0x0030,0x0030,0x0030
	.hword 0x0030,0x0031,0x0032,0x0030,0x0030,0x0030,0x0030,0x0030
	.hword 0x0C2F,0x0C2F,0x0C2F,0x0C2F,0x0C2F,0x0C2F,0x0C2F,0x0C2F
	.hword 0x0C2F,0x0C2F,0x0C2F,0x0C2F,0x0C2F,0x0C2F,0x0C2F,0x0C2F
	.hword 0x0C2F,0x0C2F,0x0C2F,0x0C2F,0x0C2F,0x0C2F,0x0C2F,0x0C2F
	.hword 0x0033,0x0034,0x0405,0x0035,0x0C2F,0x0C2F,0x0C2F,0x0C2F

	.hword 0x002F,0x002F,0x002F,0x002F,0x002F,0x002F,0x002F,0x002F
	.hword 0x002F,0x002F,0x002F,0x002F,0x002F,0x002F,0x002F,0x002F
	.hword 0x002F,0x002F,0x002F,0x002F,0x002F,0x002F,0x002F,0x0036
	.hword 0x0034,0x0037,0x0404,0x0405,0x0835,0x002F,0x002F,0x002F
	.hword 0x0030,0x0030,0x0030,0x0030,0x0030,0x0030,0x0030,0x0030
	.hword 0x0030,0x0030,0x0030,0x0030,0x0030,0x0030,0x0030,0x0030
	.hword 0x0030,0x0030,0x0030,0x0030,0x0030,0x0030,0x0031,0x0034
	.hword 0x0037,0x0034,0x0405,0x0404,0x0405,0x0032,0x0030,0x0030

	.hword 0x0030,0x0030,0x0030,0x0030,0x0030,0x0030,0x0030,0x0030
	.hword 0x0030,0x0030,0x0030,0x0030,0x0030,0x0030,0x0030,0x0030
	.hword 0x0030,0x0030,0x0030,0x0030,0x0030,0x0031,0x0034,0x0037
	.hword 0x0034,0x0037,0x0404,0x0405,0x0404,0x0405,0x0032,0x0030
	.hword 0x0030,0x0030,0x0030,0x0030,0x0030,0x0030,0x0030,0x0030
	.hword 0x0030,0x0030,0x0030,0x0030,0x0030,0x0030,0x0030,0x0030
	.hword 0x0030,0x0030,0x0030,0x0030,0x0031,0x0034,0x0037,0x0034
	.hword 0x0037,0x0034,0x0405,0x0404,0x0405,0x0404,0x0405,0x0032

	.hword 0x0003,0x0003,0x0003,0x0003,0x0003,0x0003,0x0003,0x0003
	.hword 0x0003,0x0003,0x0003,0x0003,0x0003,0x0003,0x0003,0x0004
	.hword 0x0005,0x0001,0x0001,0x0001,0x0001,0x0001,0x0001,0x000F
	.hword 0x000F,0x000F,0x000F,0x0001,0x0001,0x0001,0x0001,0x0001
	.hword 0x0005,0x0007,0x0004,0x0005,0x0003,0x0003,0x0003,0x0003
	.hword 0x0003,0x0003,0x0003,0x0003,0x0003,0x0004,0x0005,0x0004
	.hword 0x0005,0x0001,0x0001,0x0001,0x0001,0x0001,0x0001,0x0014
	.hword 0x0014,0x0014,0x0014,0x0001,0x0001,0x0001,0x0001,0x0001

	.hword 0x0005,0x0003,0x0003,0x0003,0x0003,0x0003,0x0003,0x0003
	.hword 0x0003,0x0003,0x0003,0x0003,0x0003,0x0003,0x0003,0x0004
	.hword 0x0005,0x0001,0x0001,0x0001,0x0001,0x0001,0x0001,0x0017
	.hword 0x0017,0x0017,0x0017,0x0001,0x0001,0x0001,0x0001,0x0001
	.hword 0x0001,0x0405,0x0005,0x0007,0x0004,0x0005,0x0003,0x0003
	.hword 0x0003,0x0003,0x0003,0x0003,0x0003,0x0003,0x0003,0x0003
	.hword 0x0003,0x0001,0x0001,0x0001,0x0001,0x0001,0x0001,0x0002
	.hword 0x0002,0x0002,0x0002,0x0001,0x0001,0x0001,0x0001,0x0001

	.hword 0x0001,0x0001,0x0001,0x0405,0x0005,0x0004,0x0005,0x0003
	.hword 0x0003,0x0003,0x0003,0x0003,0x0003,0x0003,0x0003,0x0003
	.hword 0x0003,0x0001,0x0001,0x0001,0x0001,0x0001,0x0001,0x0006
	.hword 0x0006,0x0006,0x0006,0x0001,0x0001,0x0001,0x0038,0x000B
	.hword 0x0001,0x0001,0x0001,0x0001,0x0001,0x0405,0x0005,0x0007
	.hword 0x0004,0x0005,0x0003,0x0007,0x0004,0x0005,0x0003,0x0003
	.hword 0x0003,0x0001,0x0001,0x0001,0x0001,0x0001,0x0001,0x0009
	.hword 0x0009,0x0009,0x0009,0x0001,0x0039,0x000E,0x000E,0x000E

	.hword 0x0001,0x0001,0x0001,0x0001,0x0001,0x0001,0x0001,0x0405
	.hword 0x0005,0x0004,0x0005,0x0004,0x0005,0x0004,0x0005,0x0003
	.hword 0x0003,0x0001,0x0001,0x0001,0x0001,0x0001,0x0001,0x000A
	.hword 0x000A,0x000A,0x000A,0x000E,0x000E,0x000E,0x000E,0x000E
	.hword 0x0001,0x0001,0x0001,0x0001,0x0001,0x0001,0x0001,0x0001
	.hword 0x0001,0x0405,0x0005,0x0004,0x0005,0x0003,0x0003,0x0004
	.hword 0x0005,0x0001,0x0001,0x0001,0x0001,0x0001,0x0001,0x000D
	.hword 0x000D,0x000D,0x000D,0x000E,0x000E,0x000E,0x000E,0x000E

	.hword 0x0001,0x0001,0x0001,0x0001,0x0001,0x0001,0x0001,0x0001
	.hword 0x0001,0x0039,0x000E,0x0010,0x0005,0x0004,0x0005,0x0003
	.hword 0x0003,0x0001,0x0001,0x0001,0x0001,0x0001,0x0039,0x000F
	.hword 0x000F,0x000F,0x000F,0x000E,0x000E,0x000E,0x000E,0x000E
	.hword 0x0001,0x0001,0x0001,0x0001,0x0001,0x0001,0x0001,0x0073
	.hword 0x000E,0x000E,0x000E,0x000E,0x000E,0x0010,0x0005,0x0004
	.hword 0x0005,0x0001,0x0001,0x0001,0x0039,0x000E,0x000E,0x000F
	.hword 0x000F,0x000F,0x000F,0x000E,0x000E,0x000E,0x000E,0x000E

	.hword 0x0001,0x0001,0x0001,0x0001,0x0001,0x003B,0x0002,0x0002
	.hword 0x0011,0x0011,0x0011,0x0011,0x0011,0x0011,0x0011,0x0012
	.hword 0x0005,0x0001,0x003B,0x0011,0x0011,0x0011,0x0011,0x000F
	.hword 0x000F,0x000F,0x000F,0x0011,0x0011,0x0011,0x0011,0x0011
	.hword 0x0001,0x0001,0x0001,0x001B,0x0013,0x0013,0x0006,0x0006
	.hword 0x0013,0x0013,0x0013,0x0013,0x0013,0x0013,0x0013,0x0013
	.hword 0x0013,0x0013,0x0013,0x0013,0x0013,0x0013,0x0016,0x000F
	.hword 0x000F,0x000F,0x000F,0x0018,0x0013,0x0013,0x0013,0x0013

	.hword 0x0001,0x001B,0x0013,0x0013,0x0013,0x0013,0x0009,0x0009
	.hword 0x0013,0x0013,0x0013,0x0013,0x0013,0x0013,0x0013,0x0013
	.hword 0x0013,0x0013,0x0013,0x0013,0x0013,0x0016,0x0019,0x000F
	.hword 0x000F,0x000F,0x000F,0x001A,0x0018,0x0013,0x0013,0x0013
	.hword 0x0013,0x0013,0x0013,0x0013,0x0013,0x0013,0x000A,0x000A
	.hword 0x0013,0x0013,0x0013,0x0013,0x0013,0x0013,0x0013,0x0013
	.hword 0x0013,0x0013,0x0013,0x0013,0x0013,0x0C18,0x0C1A,0x001F
	.hword 0x0020,0x0001,0x0001,0x003C,0x0818,0x0013,0x0013,0x0013

	.hword 0x001C,0x001C,0x001C,0x001C,0x001C,0x001C,0x000D,0x000D
	.hword 0x001C,0x001C,0x001C,0x001C,0x001C,0x001C,0x001C,0x001C
	.hword 0x001C,0x001C,0x001C,0x001C,0x001C,0x001C,0x001D,0x001E
	.hword 0x0003,0x0001,0x0021,0x041D,0x001C,0x001C,0x001C,0x001C
	.hword 0x0024,0x0024,0x0024,0x0024,0x0024,0x0024,0x000F,0x000F
	.hword 0x0024,0x0024,0x0024,0x0024,0x0024,0x0024,0x0024,0x0024
	.hword 0x0024,0x0024,0x0024,0x0024,0x0024,0x0024,0x0024,0x0025
	.hword 0x0026,0x0027,0x0425,0x0024,0x0024,0x0024,0x0024,0x0024

	.hword 0x0024,0x0024,0x0024,0x0024,0x0024,0x0024,0x000F,0x000F
	.hword 0x0024,0x0024,0x0024,0x0024,0x0024,0x0024,0x0024,0x0024
	.hword 0x0024,0x0024,0x0024,0x0024,0x0024,0x0024,0x0024,0x0024
	.hword 0x002A,0x042A,0x0024,0x0024,0x0024,0x0024,0x0024,0x0024
	.hword 0x0024,0x0024,0x0024,0x0024,0x0024,0x0024,0x000F,0x000F
	.hword 0x0024,0x0024,0x0024,0x0024,0x0024,0x0024,0x0024,0x0024
	.hword 0x0024,0x0024,0x0024,0x0024,0x0024,0x0024,0x0024,0x0024
	.hword 0x0024,0x0024,0x0024,0x0024,0x0024,0x0024,0x0024,0x0024

	.hword 0x002B,0x002B,0x002B,0x002B,0x002B,0x003D,0x000F,0x000F
	.hword 0x003E,0x002B,0x002B,0x002B,0x002B,0x002B,0x002B,0x002B
	.hword 0x002B,0x002B,0x002B,0x002B,0x002B,0x002B,0x002B,0x002B
	.hword 0x002B,0x002B,0x002B,0x002B,0x002B,0x002B,0x002B,0x002B
	.hword 0x002C,0x002C,0x002C,0x002C,0x003F,0x0040,0x000F,0x000F
	.hword 0x0041,0x0042,0x002C,0x002C,0x002C,0x002C,0x002C,0x002C
	.hword 0x002C,0x002C,0x002C,0x002C,0x002C,0x002C,0x002C,0x002C
	.hword 0x002C,0x002C,0x002C,0x002C,0x002C,0x002C,0x002C,0x002C

	.hword 0x002C,0x002C,0x002C,0x002C,0x0C42,0x0C41,0x001F,0x0001
	.hword 0x0043,0x0842,0x002C,0x002C,0x002C,0x002C,0x002C,0x002C
	.hword 0x002C,0x002C,0x002C,0x002C,0x002C,0x002C,0x002C,0x002C
	.hword 0x002C,0x002C,0x002C,0x002C,0x002C,0x002C,0x002C,0x002C
	.hword 0x002C,0x002C,0x002C,0x002C,0x002C,0x0C42,0x0C41,0x0043
	.hword 0x0842,0x002C,0x002C,0x002C,0x002C,0x002C,0x002C,0x002C
	.hword 0x002C,0x002C,0x002C,0x002C,0x002C,0x002C,0x002C,0x002C
	.hword 0x002C,0x002C,0x002C,0x002C,0x002C,0x002C,0x002C,0x002C

	.hword 0x002D,0x002D,0x002D,0x002D,0x002D,0x002D,0x0044,0x0444
	.hword 0x002D,0x002D,0x002D,0x002D,0x002D,0x002D,0x002D,0x002D
	.hword 0x002D,0x002D,0x002D,0x002D,0x002D,0x002D,0x002D,0x002D
	.hword 0x002D,0x002D,0x002D,0x002D,0x002D,0x002D,0x002D,0x002D
	.hword 0x002E,0x002E,0x002E,0x002E,0x002E,0x002E,0x002E,0x002E
	.hword 0x002E,0x002E,0x002E,0x002E,0x002E,0x002E,0x002E,0x002E
	.hword 0x002E,0x002E,0x002E,0x002E,0x002E,0x002E,0x002E,0x002E
	.hword 0x002E,0x002E,0x002E,0x002E,0x002E,0x002E,0x002E,0x002E

	.hword 0x002E,0x002E,0x002E,0x002E,0x002E,0x002E,0x002E,0x002E
	.hword 0x002E,0x002E,0x002E,0x002E,0x002E,0x002E,0x002E,0x002E
	.hword 0x002E,0x002E,0x002E,0x002E,0x002E,0x002E,0x002E,0x002E
	.hword 0x002E,0x002E,0x002E,0x002E,0x002E,0x002E,0x002E,0x002E
	.hword 0x002F,0x002F,0x002F,0x002F,0x002F,0x002F,0x002F,0x002F
	.hword 0x002F,0x002F,0x002F,0x002F,0x002F,0x002F,0x002F,0x002F
	.hword 0x002F,0x002F,0x002F,0x002F,0x002F,0x002F,0x002F,0x002F
	.hword 0x002F,0x002F,0x002F,0x002F,0x002F,0x002F,0x002F,0x002F

	.hword 0x0030,0x0030,0x0030,0x0030,0x0030,0x0030,0x0030,0x0030
	.hword 0x0030,0x0030,0x0030,0x0030,0x0030,0x0030,0x0030,0x0030
	.hword 0x0030,0x0030,0x0030,0x0030,0x0030,0x0030,0x0030,0x0030
	.hword 0x0030,0x0030,0x0030,0x0030,0x0030,0x0030,0x0030,0x0030
	.hword 0x0C2F,0x0C2F,0x0C2F,0x0C2F,0x0C2F,0x0C2F,0x0045,0x0046
	.hword 0x0C2F,0x0C2F,0x0C2F,0x0C2F,0x0C2F,0x0C2F,0x0C2F,0x0C2F
	.hword 0x0C2F,0x0C2F,0x0C2F,0x0C2F,0x0C2F,0x0C2F,0x0C2F,0x0C2F
	.hword 0x0C2F,0x0C2F,0x0C2F,0x0C2F,0x0C2F,0x0C2F,0x0C2F,0x0C2F

	.hword 0x002F,0x002F,0x002F,0x002F,0x002F,0x0047,0x0048,0x0049
	.hword 0x004A,0x002F,0x002F,0x002F,0x002F,0x002F,0x002F,0x002F
	.hword 0x002F,0x002F,0x002F,0x002F,0x002F,0x002F,0x002F,0x002F
	.hword 0x002F,0x002F,0x002F,0x002F,0x002F,0x002F,0x002F,0x002F
	.hword 0x0030,0x0030,0x0030,0x0030,0x004B,0x004C,0x004D,0x0003
	.hword 0x004E,0x004F,0x0030,0x0030,0x0030,0x0030,0x0030,0x0030
	.hword 0x0030,0x0030,0x0030,0x0030,0x0030,0x0030,0x0030,0x0030
	.hword 0x0030,0x0030,0x0030,0x0030,0x0030,0x0030,0x0030,0x0030

	.hword 0x0030,0x0030,0x0030,0x004B,0x004C,0x0050,0x0051,0x0C20
	.hword 0x0052,0x004E,0x004F,0x0030,0x0030,0x0030,0x0030,0x0030
	.hword 0x0030,0x0030,0x0030,0x0030,0x0030,0x0030,0x0030,0x0030
	.hword 0x0030,0x0030,0x0030,0x0030,0x0030,0x0030,0x0030,0x0030
	.hword 0x0030,0x0030,0x0030,0x0C4F,0x0C4E,0x0C52,0x000F,0x000F
	.hword 0x0001,0x0053,0x084F,0x0030,0x0030,0x0030,0x0030,0x0030
	.hword 0x0030,0x0030,0x0030,0x0030,0x0030,0x0030,0x0030,0x0030
	.hword 0x0054,0x0055,0x0030,0x0030,0x0030,0x0030,0x0030,0x0030

	.hword 0x0030,0x0030,0x0030,0x0030,0x0030,0x0030,0x0030,0x0030
	.hword 0x0030,0x0030,0x0030,0x0030,0x0030,0x0030,0x0030,0x0030
	.hword 0x0030,0x0030,0x0030,0x0031,0x0034,0x0037,0x0034,0x0405
	.hword 0x0404,0x0037,0x0404,0x0405,0x0404,0x0405,0x0404,0x0405
	.hword 0x0030,0x0030,0x0030,0x0030,0x0030,0x0030,0x0030,0x0030
	.hword 0x0030,0x0030,0x0030,0x0030,0x0030,0x0030,0x0030,0x0030
	.hword 0x0030,0x0030,0x0031,0x0034,0x0037,0x0034,0x0037,0x0034
	.hword 0x0037,0x0034,0x0405,0x0404,0x0405,0x0404,0x0405,0x0404

	.hword 0x0030,0x0030,0x0030,0x0030,0x0030,0x0030,0x0030,0x0030
	.hword 0x0030,0x0030,0x0030,0x0030,0x0030,0x0030,0x0030,0x0030
	.hword 0x0030,0x0031,0x0034,0x0037,0x0034,0x0037,0x0034,0x0037
	.hword 0x0034,0x0037,0x0404,0x0405,0x0404,0x0405,0x0404,0x0405
	.hword 0x0C2F,0x0C2F,0x0C2F,0x0C2F,0x0C2F,0x0C2F,0x0C2F,0x0C2F
	.hword 0x0C2F,0x0C2F,0x0C2F,0x0C2F,0x0C2F,0x0C2F,0x0C2F,0x0C2F
	.hword 0x0033,0x0034,0x0037,0x0034,0x0037,0x0034,0x0037,0x0034
	.hword 0x0037,0x0034,0x0405,0x0404,0x0405,0x0404,0x0405,0x0404

	.hword 0x002F,0x002F,0x002F,0x002F,0x002F,0x002F,0x002F,0x002F
	.hword 0x002F,0x002F,0x002F,0x002F,0x002F,0x002F,0x002F,0x0036
	.hword 0x0034,0x0037,0x0034,0x0037,0x0034,0x0037,0x0034,0x0037
	.hword 0x0034,0x0037,0x0404,0x0405,0x0404,0x0405,0x0404,0x0405
	.hword 0x0030,0x0030,0x0030,0x0030,0x0054,0x0055,0x0030,0x0030
	.hword 0x0030,0x0030,0x0030,0x0030,0x0030,0x0030,0x0031,0x0034
	.hword 0x0405,0x0404,0x0405,0x0404,0x0037,0x0034,0x0037,0x0034
	.hword 0x0037,0x0034,0x0405,0x0404,0x0405,0x0404,0x0405,0x0404

	.hword 0x0C2F,0x0C2F,0x0C2F,0x0056,0x0057,0x0058,0x0059,0x0C2F
	.hword 0x0C2F,0x0C2F,0x0C2F,0x0C2F,0x0C2F,0x0033,0x0034,0x0037
	.hword 0x0034,0x0405,0x0404,0x0037,0x0034,0x0037,0x0034,0x0037
	.hword 0x0034,0x0037,0x0404,0x0405,0x0404,0x0405,0x0404,0x0405
	.hword 0x002E,0x002E,0x005A,0x0048,0x004D,0x0003,0x0049,0x005B
	.hword 0x002E,0x002E,0x002E,0x002E,0x005C,0x0034,0x0037,0x0034
	.hword 0x0405,0x0404,0x0037,0x0034,0x0037,0x0034,0x0037,0x0034
	.hword 0x0037,0x0034,0x0405,0x0404,0x0405,0x0404,0x0405,0x0404

	.hword 0x002E,0x005A,0x0048,0x004D,0x004D,0x0003,0x0003,0x0049
	.hword 0x005B,0x002E,0x002E,0x005C,0x0034,0x0037,0x0034,0x0037
	.hword 0x0034,0x0037,0x0034,0x0037,0x0034,0x0037,0x0034,0x0037
	.hword 0x0034,0x0037,0x0404,0x0405,0x0404,0x0405,0x0404,0x0405
	.hword 0x005D,0x005E,0x0050,0x0051,0x0051,0x0C20,0x0C20,0x0052
	.hword 0x005F,0x0060,0x0061,0x0034,0x0037,0x0034,0x0037,0x0034
	.hword 0x0037,0x0034,0x0037,0x0034,0x0037,0x0034,0x0037,0x0034
	.hword 0x0037,0x0034,0x0405,0x0404,0x0405,0x0404,0x0405,0x0404

	.hword 0x0C42,0x0C41,0x0C52,0x000F,0x000F,0x000F,0x000F,0x0001
	.hword 0x0043,0x0062,0x0034,0x0037,0x0034,0x0037,0x0034,0x0037
	.hword 0x0034,0x0037,0x0034,0x0037,0x0034,0x0037,0x0034,0x0037
	.hword 0x0034,0x0037,0x0404,0x0405,0x0404,0x0405,0x0404,0x0405
	.hword 0x002C,0x0C42,0x0C41,0x000F,0x000F,0x000F,0x000F,0x0043
	.hword 0x0062,0x0034,0x0037,0x0034,0x0037,0x0034,0x0037,0x0034
	.hword 0x0037,0x0034,0x0037,0x0034,0x0037,0x0034,0x0037,0x0034
	.hword 0x0037,0x0034,0x0405,0x0404,0x0405,0x0404,0x0405,0x0404

	.hword 0x002C,0x002C,0x0C42,0x0014,0x0014,0x0014,0x0014,0x0062
	.hword 0x0034,0x0037,0x0034,0x0037,0x0034,0x0037,0x0034,0x0037
	.hword 0x0034,0x0037,0x0034,0x0405,0x0404,0x0037,0x0034,0x0037
	.hword 0x0034,0x0037,0x0404,0x0405,0x0404,0x0405,0x0404,0x0405
	.hword 0x002C,0x002C,0x002C,0x0017,0x0017,0x0017,0x0017,0x0034
	.hword 0x0037,0x0034,0x0037,0x0034,0x0037,0x0034,0x0037,0x0034
	.hword 0x0037,0x0034,0x0405,0x0404,0x0037,0x0034,0x0037,0x0034
	.hword 0x0037,0x0034,0x0405,0x0404,0x0405,0x0404,0x0405,0x0404

	.hword 0x0C2B,0x0C2B,0x0C2B,0x0002,0x0002,0x0002,0x0002,0x0037
	.hword 0x0034,0x0037,0x0034,0x0037,0x0034,0x0037,0x0034,0x0037
	.hword 0x0034,0x0037,0x0034,0x0037,0x0034,0x0405,0x0404,0x0037
	.hword 0x0034,0x0037,0x0404,0x0405,0x0404,0x0405,0x0404,0x0405
	.hword 0x0024,0x0024,0x0024,0x0006,0x0006,0x0006,0x0006,0x0034
	.hword 0x0037,0x0034,0x0037,0x0034,0x0037,0x0034,0x0037,0x0034
	.hword 0x0037,0x0034,0x0037,0x0034,0x0037,0x0034,0x0037,0x0034
	.hword 0x0037,0x0034,0x0405,0x0404,0x0405,0x0404,0x0405,0x0404

	.hword 0x0024,0x0024,0x0024,0x0009,0x0009,0x0009,0x0009,0x0037
	.hword 0x0034,0x0037,0x0034,0x0037,0x0034,0x0037,0x0034,0x0037
	.hword 0x0034,0x0037,0x0034,0x0037,0x0034,0x0037,0x0034,0x0037
	.hword 0x0034,0x0037,0x0404,0x0405,0x0404,0x0405,0x0404,0x0405
	.hword 0x0024,0x0024,0x0063,0x000A,0x000A,0x000A,0x000A,0x0034
	.hword 0x0037,0x0034,0x0037,0x0034,0x0037,0x0034,0x0037,0x0034
	.hword 0x0037,0x0034,0x0037,0x0034,0x0037,0x0034,0x0037,0x0034
	.hword 0x0037,0x0034,0x0405,0x0404,0x0405,0x0404,0x0405,0x0404

	.hword 0x0C1C,0x0064,0x0034,0x000D,0x000D,0x000D,0x000D,0x0037
	.hword 0x0034,0x0037,0x0034,0x0037,0x0034,0x0037,0x0034,0x0037
	.hword 0x0034,0x0037,0x0034,0x0037,0x0034,0x0037,0x0034,0x0037
	.hword 0x0034,0x0037,0x0404,0x0405,0x0404,0x0405,0x0404,0x0405
	.hword 0x0065,0x0034,0x0037,0x000F,0x000F,0x000F,0x000F,0x0034
	.hword 0x0037,0x0034,0x0037,0x0034,0x0037,0x0034,0x0037,0x0034
	.hword 0x0037,0x0034,0x0037,0x0034,0x0037,0x0034,0x0037,0x0034
	.hword 0x0037,0x0034,0x0405,0x0404,0x0405,0x0404,0x0001,0x0001

	.hword 0x0034,0x0037,0x0034,0x000F,0x000F,0x000F,0x000F,0x0037
	.hword 0x0034,0x0037,0x0034,0x0037,0x0034,0x0037,0x0034,0x0037
	.hword 0x0034,0x0037,0x0034,0x0037,0x0034,0x0037,0x0034,0x0037
	.hword 0x0034,0x0037,0x0404,0x0405,0x0404,0x0405,0x0404,0x0405
	.hword 0x0037,0x0034,0x0037,0x000F,0x000F,0x000F,0x000F,0x0034
	.hword 0x0037,0x0034,0x0037,0x0034,0x0037,0x0034,0x0037,0x0034
	.hword 0x0037,0x0034,0x0037,0x0034,0x0037,0x0034,0x0037,0x0034
	.hword 0x0037,0x0034,0x0405,0x0404,0x0405,0x0404,0x0405,0x0404

	.hword 0x0034,0x0037,0x0034,0x000F,0x000F,0x000F,0x000F,0x0037
	.hword 0x0034,0x0037,0x0034,0x0037,0x0034,0x0037,0x0034,0x0037
	.hword 0x0034,0x0037,0x0034,0x0037,0x0034,0x0037,0x0034,0x0037
	.hword 0x0034,0x0037,0x0404,0x0405,0x0404,0x0405,0x0404,0x0405
	.hword 0x0037,0x0034,0x0037,0x000F,0x000F,0x000F,0x000F,0x0034
	.hword 0x0037,0x0034,0x0037,0x0034,0x0037,0x0034,0x0037,0x0034
	.hword 0x0037,0x0034,0x0037,0x0034,0x0037,0x0034,0x0037,0x0034
	.hword 0x0037,0x0034,0x0405,0x0404,0x0405,0x0404,0x0405,0x0404

	.hword 0x0034,0x0037,0x0034,0x000F,0x000F,0x000F,0x000F,0x0037
	.hword 0x0034,0x0037,0x0034,0x0037,0x0034,0x0037,0x0034,0x0037
	.hword 0x0034,0x0037,0x0034,0x0037,0x0034,0x0037,0x0034,0x0037
	.hword 0x0034,0x0037,0x0404,0x0405,0x0404,0x0405,0x0404,0x0405
	.hword 0x0066,0x0034,0x0037,0x0014,0x0014,0x0014,0x0014,0x0034
	.hword 0x0037,0x0034,0x0037,0x0034,0x0037,0x0034,0x0037,0x0034
	.hword 0x0037,0x0034,0x0037,0x0034,0x0037,0x0034,0x0037,0x0034
	.hword 0x0037,0x0034,0x0405,0x0404,0x0405,0x0404,0x0405,0x0404

	.hword 0x0405,0x0066,0x0034,0x0017,0x0017,0x0017,0x0017,0x0405
	.hword 0x0404,0x0037,0x0034,0x0037,0x0034,0x0037,0x0034,0x0037
	.hword 0x0034,0x0037,0x0034,0x0037,0x0034,0x0037,0x0034,0x0037
	.hword 0x0034,0x0037,0x0404,0x0405,0x0404,0x0405,0x0404,0x0405
	.hword 0x0404,0x0405,0x0066,0x0002,0x0002,0x0002,0x0002,0x0034
	.hword 0x0405,0x0404,0x0037,0x0034,0x0037,0x0034,0x0037,0x0034
	.hword 0x0037,0x0034,0x0037,0x0034,0x0037,0x0034,0x0037,0x0034
	.hword 0x0037,0x0034,0x0405,0x0404,0x0405,0x0404,0x0405,0x0067

	.hword 0x0405,0x0404,0x0405,0x0006,0x0006,0x0006,0x0006,0x0037
	.hword 0x0034,0x0037,0x0034,0x0037,0x0034,0x0037,0x0034,0x0037
	.hword 0x0034,0x0037,0x0034,0x0037,0x0034,0x0037,0x0034,0x0037
	.hword 0x0034,0x0037,0x0404,0x0405,0x0404,0x0405,0x0067,0x0034
	.hword 0x0404,0x0405,0x0404,0x0009,0x0009,0x0009,0x0009,0x0034
	.hword 0x0037,0x0034,0x0037,0x0034,0x0037,0x0034,0x0037,0x0034
	.hword 0x0037,0x0034,0x0037,0x0034,0x0037,0x0034,0x0037,0x0034
	.hword 0x0037,0x0034,0x0405,0x0404,0x0405,0x0067,0x0034,0x0037

	.hword 0x0405,0x0404,0x0405,0x000A,0x000A,0x000A,0x000A,0x0037
	.hword 0x0034,0x0037,0x0034,0x0037,0x0034,0x0037,0x0034,0x0037
	.hword 0x0034,0x0037,0x0034,0x0037,0x0034,0x0037,0x0034,0x0037
	.hword 0x0034,0x0037,0x0404,0x0405,0x0067,0x0034,0x0037,0x0034
	.hword 0x0404,0x0405,0x0404,0x000D,0x000D,0x000D,0x000D,0x0034
	.hword 0x0037,0x0034,0x0037,0x0034,0x0037,0x0034,0x0037,0x0034
	.hword 0x0037,0x0034,0x0037,0x0034,0x0037,0x0034,0x0037,0x0034
	.hword 0x0037,0x0034,0x0405,0x0067,0x0034,0x0037,0x0034,0x0037

	.hword 0x0032,0x0030,0x0030,0x0030,0x0C4F,0x0C4E,0x000F,0x000F
	.hword 0x0053,0x084F,0x0030,0x0030,0x0030,0x0030,0x0030,0x0030
	.hword 0x0030,0x0030,0x0030,0x0030,0x0030,0x0030,0x0030,0x004B
	.hword 0x004C,0x004E,0x004F,0x0030,0x0030,0x0030,0x0030,0x0030
	.hword 0x0405,0x0032,0x0030,0x0030,0x0030,0x0C4F,0x0014,0x0014
	.hword 0x084F,0x0030,0x0030,0x0030,0x0030,0x0030,0x0030,0x0030
	.hword 0x0030,0x0030,0x0030,0x0030,0x0030,0x0030,0x004B,0x004C
	.hword 0x004D,0x0003,0x004E,0x004F,0x0030,0x0030,0x0030,0x0030

	.hword 0x0404,0x0405,0x0032,0x0030,0x0030,0x0030,0x0017,0x0017
	.hword 0x0030,0x0030,0x0030,0x0030,0x0030,0x0030,0x0030,0x0030
	.hword 0x0030,0x0030,0x0030,0x0030,0x0030,0x004B,0x004C,0x004D
	.hword 0x004D,0x0003,0x0003,0x004E,0x004F,0x0030,0x0030,0x0030
	.hword 0x0405,0x0404,0x0405,0x0035,0x0C2F,0x0C2F,0x0002,0x0002
	.hword 0x0C2F,0x0C2F,0x0C2F,0x0C2F,0x0C2F,0x0C2F,0x0C2F,0x0C2F
	.hword 0x0C2F,0x0C2F,0x0C2F,0x0C2F,0x0056,0x0057,0x004D,0x004D
	.hword 0x004D,0x0003,0x0003,0x0003,0x0058,0x0059,0x0C2F,0x0C2F

	.hword 0x0404,0x0405,0x0404,0x0405,0x0835,0x002F,0x0006,0x0006
	.hword 0x002F,0x002F,0x002F,0x002F,0x002F,0x002F,0x002F,0x002F
	.hword 0x002F,0x002F,0x002F,0x0047,0x0048,0x004D,0x0050,0x0051
	.hword 0x0051,0x0C20,0x0C20,0x0052,0x0003,0x0049,0x004A,0x002F
	.hword 0x0405,0x0404,0x0405,0x0404,0x0405,0x0032,0x0009,0x0009
	.hword 0x0030,0x0030,0x0030,0x0030,0x0030,0x0030,0x0030,0x0030
	.hword 0x0030,0x0030,0x0030,0x0C4F,0x0C4E,0x0003,0x0C52,0x000F
	.hword 0x000F,0x000F,0x000F,0x0001,0x0001,0x0053,0x084F,0x0030

	.hword 0x0404,0x0405,0x0404,0x0405,0x0404,0x0405,0x0074,0x000A
	.hword 0x0C2F,0x0C2F,0x0C2F,0x0C2F,0x0C2F,0x0C2F,0x0C2F,0x0C2F
	.hword 0x0C2F,0x0C2F,0x0C2F,0x0C2F,0x0C4A,0x0C49,0x0003,0x000F
	.hword 0x000F,0x000F,0x000F,0x0001,0x0069,0x084A,0x0C2F,0x0C2F
	.hword 0x0405,0x0404,0x0405,0x0404,0x0405,0x0404,0x0405,0x0074
	.hword 0x002E,0x002E,0x002E,0x002E,0x002E,0x002E,0x002E,0x002E
	.hword 0x002E,0x002E,0x002E,0x002E,0x002E,0x0C5B,0x0C49,0x0014
	.hword 0x0014,0x0014,0x0014,0x0069,0x085B,0x002E,0x002E,0x002E

	.hword 0x0404,0x0405,0x0404,0x0405,0x0404,0x0405,0x0404,0x0405
	.hword 0x006B,0x002E,0x002E,0x002E,0x002E,0x002E,0x002E,0x002E
	.hword 0x002E,0x002E,0x002E,0x002E,0x002E,0x002E,0x0C5B,0x0017
	.hword 0x0017,0x0017,0x0017,0x085B,0x002E,0x002E,0x002E,0x002E
	.hword 0x0405,0x0404,0x0405,0x0404,0x0405,0x0404,0x0405,0x0404
	.hword 0x0405,0x006C,0x0C2D,0x0C2D,0x0C2D,0x0C2D,0x0C2D,0x0C2D
	.hword 0x0C2D,0x0C2D,0x0C2D,0x0C2D,0x0C2D,0x0C2D,0x0C2D,0x0002
	.hword 0x0002,0x0002,0x0002,0x0C2D,0x0C2D,0x0C2D,0x0C2D,0x0C2D

	.hword 0x0404,0x0405,0x0404,0x0405,0x0404,0x0405,0x0404,0x0405
	.hword 0x0404,0x0405,0x006D,0x002C,0x002C,0x002C,0x002C,0x002C
	.hword 0x006E,0x006D,0x002C,0x002C,0x002C,0x002C,0x002C,0x0006
	.hword 0x0006,0x0006,0x0006,0x002C,0x002C,0x002C,0x002C,0x002C
	.hword 0x0405,0x0404,0x0405,0x0404,0x0405,0x0404,0x0405,0x0404
	.hword 0x0405,0x0404,0x0405,0x006D,0x002C,0x002C,0x002C,0x006E
	.hword 0x0034,0x0405,0x006D,0x002C,0x002C,0x002C,0x002C,0x0009
	.hword 0x0009,0x0009,0x0009,0x002C,0x002C,0x002C,0x002C,0x002C

	.hword 0x0404,0x0405,0x0404,0x0405,0x0404,0x0405,0x0404,0x0405
	.hword 0x0404,0x0405,0x0404,0x0405,0x006D,0x002C,0x006E,0x0034
	.hword 0x0037,0x0404,0x0405,0x006D,0x002C,0x002C,0x002C,0x000A
	.hword 0x000A,0x000A,0x000A,0x002C,0x002C,0x002C,0x002C,0x002C
	.hword 0x0405,0x0404,0x0405,0x0404,0x0405,0x0404,0x0405,0x0404
	.hword 0x0405,0x0404,0x0405,0x0404,0x0405,0x0067,0x0034,0x0037
	.hword 0x0034,0x0405,0x0404,0x0405,0x006D,0x002C,0x002C,0x000D
	.hword 0x000D,0x000D,0x000D,0x002C,0x002C,0x002C,0x002C,0x002C

	.hword 0x0404,0x0405,0x0404,0x0405,0x0404,0x0405,0x0404,0x0405
	.hword 0x0404,0x0405,0x0404,0x0405,0x0067,0x0034,0x0037,0x0034
	.hword 0x0037,0x0404,0x0405,0x0404,0x0405,0x006F,0x0C2B,0x000F
	.hword 0x000F,0x000F,0x000F,0x0C2B,0x0C2B,0x0C2B,0x0C2B,0x0C2B
	.hword 0x0405,0x0404,0x0405,0x0404,0x0405,0x0404,0x0405,0x0404
	.hword 0x0405,0x0404,0x0405,0x0067,0x0034,0x0037,0x0034,0x0037
	.hword 0x0034,0x0405,0x0404,0x0405,0x0404,0x0405,0x0070,0x000F
	.hword 0x000F,0x000F,0x000F,0x0024,0x0024,0x0024,0x0024,0x0024

	.hword 0x0404,0x0405,0x0404,0x0405,0x0404,0x0405,0x0404,0x0405
	.hword 0x0404,0x0405,0x0067,0x0034,0x0037,0x0034,0x0405,0x0404
	.hword 0x0037,0x0404,0x0405,0x0404,0x0405,0x0404,0x0405,0x000F
	.hword 0x000F,0x000F,0x000F,0x0024,0x0024,0x0024,0x0024,0x0024
	.hword 0x0405,0x0404,0x0405,0x0404,0x0405,0x0404,0x0405,0x0404
	.hword 0x0405,0x0067,0x0034,0x0037,0x0034,0x0037,0x0034,0x0037
	.hword 0x0034,0x0405,0x0404,0x0405,0x0404,0x0405,0x0404,0x000F
	.hword 0x000F,0x000F,0x000F,0x0024,0x0024,0x0024,0x0024,0x0024

	.hword 0x0404,0x0405,0x0404,0x0405,0x0404,0x0405,0x0404,0x0405
	.hword 0x0067,0x0034,0x0037,0x0034,0x0037,0x0034,0x0037,0x0034
	.hword 0x0037,0x0404,0x0405,0x0404,0x0001,0x0001,0x0405,0x000F
	.hword 0x000F,0x000F,0x000F,0x0C1C,0x0C1C,0x0C1C,0x0C1C,0x0C1C
	.hword 0x0405,0x0404,0x0405,0x0404,0x0405,0x0404,0x0405,0x0067
	.hword 0x0034,0x0037,0x0034,0x0037,0x0034,0x0037,0x0034,0x0037
	.hword 0x0034,0x0405,0x0404,0x0001,0x0001,0x0405,0x0404,0x000F
	.hword 0x000F,0x000F,0x000F,0x0013,0x0013,0x0013,0x0013,0x0013

	.hword 0x0404,0x0001,0x0001,0x0405,0x0404,0x0405,0x0067,0x0034
	.hword 0x0037,0x0034,0x0037,0x0034,0x0037,0x0034,0x0037,0x0034
	.hword 0x0037,0x0404,0x0405,0x0404,0x0405,0x0404,0x0405,0x0014
	.hword 0x0014,0x0014,0x0014,0x0071,0x0013,0x0013,0x0013,0x0065
	.hword 0x0001,0x0001,0x0405,0x0404,0x0405,0x0067,0x0034,0x0037
	.hword 0x0034,0x0037,0x0034,0x0037,0x0034,0x0037,0x0034,0x0037
	.hword 0x0034,0x0405,0x0404,0x0405,0x0404,0x0405,0x0404,0x0017
	.hword 0x0017,0x0017,0x0017,0x0405,0x0071,0x0013,0x0065,0x0034

	.hword 0x0404,0x0405,0x0404,0x0405,0x0067,0x0034,0x0037,0x0034
	.hword 0x0037,0x0034,0x0037,0x0034,0x0037,0x0034,0x0037,0x0034
	.hword 0x0037,0x0404,0x0405,0x0404,0x0405,0x0404,0x0405,0x0002
	.hword 0x0002,0x0002,0x0002,0x0404,0x0405,0x0066,0x0034,0x0037
	.hword 0x0405,0x0404,0x0405,0x0067,0x0034,0x0037,0x0034,0x0037
	.hword 0x0034,0x0405,0x0404,0x0405,0x0404,0x0037,0x0034,0x0037
	.hword 0x0034,0x0405,0x0404,0x0405,0x0404,0x0405,0x0404,0x0006
	.hword 0x0006,0x0006,0x0006,0x0405,0x0404,0x0405,0x0066,0x0034

	.hword 0x0404,0x0405,0x0067,0x0034,0x0037,0x0034,0x0037,0x0034
	.hword 0x0037,0x0034,0x0405,0x0404,0x0037,0x0034,0x0037,0x0034
	.hword 0x0037,0x0404,0x0405,0x0404,0x0405,0x0404,0x0405,0x0009
	.hword 0x0009,0x0009,0x0009,0x0404,0x0405,0x0404,0x0405,0x0066
	.hword 0x0405,0x0067,0x0034,0x0037,0x0034,0x0037,0x0034,0x0037
	.hword 0x0034,0x0037,0x0034,0x0037,0x0034,0x0037,0x0034,0x0037
	.hword 0x0034,0x0405,0x0404,0x0405,0x0404,0x0405,0x0404,0x000A
	.hword 0x000A,0x000A,0x000A,0x0405,0x0404,0x0405,0x0404,0x0405

	.hword 0x0067,0x0034,0x0037,0x0034,0x0037,0x0034,0x0037,0x0034
	.hword 0x0405,0x0404,0x0037,0x0034,0x0037,0x0034,0x0037,0x0034
	.hword 0x0037,0x0404,0x0405,0x0404,0x0405,0x0404,0x0405,0x000D
	.hword 0x000D,0x000D,0x000D,0x0404,0x0405,0x0404,0x0405,0x0404
	.hword 0x0034,0x0037,0x0034,0x0037,0x0034,0x0037,0x0034,0x0037
	.hword 0x0034,0x0037,0x0034,0x0037,0x0034,0x0037,0x0034,0x0037
	.hword 0x0034,0x0405,0x0404,0x0405,0x0404,0x0405,0x0404,0x000F
	.hword 0x000F,0x000F,0x000F,0x0405,0x0404,0x0405,0x0404,0x0405

	.hword 0x0037,0x0034,0x0037,0x0034,0x0037,0x0034,0x0037,0x0034
	.hword 0x0037,0x0034,0x0037,0x0034,0x0037,0x0034,0x0037,0x0034
	.hword 0x0037,0x0404,0x0405,0x0404,0x0405,0x0404,0x0405,0x000F
	.hword 0x000F,0x000F,0x000F,0x0404,0x0405,0x0404,0x0405,0x0404
	.hword 0x0034,0x0037,0x0034,0x0037,0x0034,0x0037,0x0034,0x0037
	.hword 0x0034,0x0037,0x0034,0x0037,0x0034,0x0037,0x0034,0x0037
	.hword 0x0034,0x0405,0x0404,0x0405,0x0404,0x0405,0x0404,0x000F
	.hword 0x000F,0x000F,0x000F,0x0405,0x0404,0x0405,0x0404,0x0405

	.hword 0x0037,0x0034,0x0037,0x0034,0x0037,0x0034,0x0037,0x0034
	.hword 0x0037,0x0034,0x0037,0x0034,0x0037,0x0034,0x0037,0x0034
	.hword 0x0037,0x0404,0x0405,0x0404,0x0405,0x0404,0x0405,0x000F
	.hword 0x000F,0x000F,0x000F,0x0404,0x0405,0x0404,0x0405,0x0404
	.hword 0x0034,0x0037,0x0034,0x0037,0x0034,0x0037,0x0034,0x0037
	.hword 0x0034,0x0037,0x0034,0x0037,0x0034,0x0037,0x0034,0x0037
	.hword 0x0034,0x0405,0x0404,0x0405,0x0404,0x0405,0x0404,0x000F
	.hword 0x000F,0x000F,0x000F,0x0405,0x0404,0x0405,0x0404,0x0405

	.section .rodata
	.align	2
	.global level_2_painted_bg_bn_gfxPal		@ 32 unsigned chars
	.hidden level_2_painted_bg_bn_gfxPal
level_2_painted_bg_bn_gfxPal:
	.hword 0x1485,0x28C6,0x3929,0x5989,0x7269,0x7F51,0x2562,0x3244
	.hword 0x3AE3,0x3772,0x3779,0x1C97,0x211F,0x0DDF,0x0E9F,0x0000

@}}BLOCK(level_2_painted_bg_bn_gfx)
