
@{{BLOCK(troll_tolls_painted_bg_bn_gfx)

@=======================================================================
@
@	troll_tolls_painted_bg_bn_gfx, 512x1536@4, 
@	+ palette 16 entries, not compressed
@	+ 14 tiles (t|f|p reduced) not compressed
@	+ regular map (in SBBs), not compressed, 64x192 
@	Total size: 32 + 448 + 24576 = 25056
@
@	Time-stamp: 2025-09-07, 16:36:40
@	Exported by Cearn's GBA Image Transmogrifier, v0.9.2
@	( http://www.coranac.com/projects/#grit )
@
@=======================================================================

	.section .rodata
	.align	2
	.global troll_tolls_painted_bg_bn_gfxTiles		@ 448 unsigned chars
	.hidden troll_tolls_painted_bg_bn_gfxTiles
troll_tolls_painted_bg_bn_gfxTiles:
	.word 0x00000000,0x00000000,0x00000000,0x00000000,0x00000000,0x00000000,0x00000000,0x00000000
	.word 0xBBBBBBBB,0xBBBBBBBB,0xBBBBBBBB,0xBBBBBBBB,0xBBBBBBBB,0xBBBBBBBB,0xBBBBBBBB,0xBBBBBBBB
	.word 0xBBBBBBBB,0xBBBBBBBB,0xBBBBBBBB,0xBBBBBBBB,0xBBBAABBB,0xBBAAAABB,0xBAAAAAAB,0xAAAAAAAA
	.word 0xAAAAAAAA,0xAAAAAAAA,0xAAAAAAAA,0xAAAAAAAA,0xAAAAAAAA,0xAAAAAAAA,0xAAAAAAAA,0xAAAAAAAA
	.word 0xAAAAAAAA,0xAAAAAAAA,0xAAAAAAAA,0xAAAAAAAA,0xAAA99AAA,0xAA9999AA,0xA999999A,0x99999999
	.word 0x99999999,0x99999999,0x99999999,0x99999999,0x99999999,0x99999999,0x99999999,0x99999999
	.word 0x99999999,0x99999999,0x99999999,0x99999999,0x99988999,0x99888899,0x98888889,0x88888888
	.word 0x88888888,0x88888888,0x88888888,0x88888888,0x88888888,0x88888888,0x88888888,0x88888888

	.word 0x88888888,0x88888888,0x88888888,0x88888888,0x88877888,0x88777788,0x87777778,0x77777777
	.word 0x77777777,0x77777777,0x77777777,0x77777777,0x77777777,0x77777777,0x77777777,0x77777777
	.word 0x77777777,0x77777777,0x77777777,0x77777777,0x77766777,0x77666677,0x76666667,0x66666666
	.word 0x66666666,0x66666666,0x66666666,0x66666666,0x66666666,0x66666666,0x66666666,0x66666666
	.word 0x66666666,0x66666666,0x66666666,0x66666666,0x66655666,0x66555566,0x65555556,0x55555555
	.word 0x55555555,0x55555555,0x55555555,0x55555555,0x55555555,0x55555555,0x55555555,0x55555555

	.section .rodata
	.align	2
	.global troll_tolls_painted_bg_bn_gfxMap		@ 24576 unsigned chars
	.hidden troll_tolls_painted_bg_bn_gfxMap
troll_tolls_painted_bg_bn_gfxMap:
	.hword 0x0001,0x0001,0x0001,0x0001,0x0001,0x0001,0x0001,0x0001
	.hword 0x0001,0x0001,0x0001,0x0001,0x0001,0x0001,0x0001,0x0001
	.hword 0x0001,0x0001,0x0001,0x0001,0x0001,0x0001,0x0001,0x0001
	.hword 0x0001,0x0001,0x0001,0x0001,0x0001,0x0001,0x0001,0x0001
	.hword 0x0002,0x0002,0x0002,0x0002,0x0002,0x0002,0x0002,0x0002
	.hword 0x0002,0x0002,0x0002,0x0002,0x0002,0x0002,0x0002,0x0002
	.hword 0x0002,0x0002,0x0002,0x0002,0x0002,0x0002,0x0002,0x0002
	.hword 0x0002,0x0002,0x0002,0x0002,0x0002,0x0002,0x0002,0x0002

	.hword 0x0003,0x0003,0x0003,0x0003,0x0003,0x0003,0x0003,0x0003
	.hword 0x0003,0x0003,0x0003,0x0003,0x0003,0x0003,0x0003,0x0003
	.hword 0x0003,0x0003,0x0003,0x0003,0x0003,0x0003,0x0003,0x0003
	.hword 0x0003,0x0003,0x0003,0x0003,0x0003,0x0003,0x0003,0x0003
	.hword 0x0C02,0x0C02,0x0C02,0x0C02,0x0C02,0x0C02,0x0C02,0x0C02
	.hword 0x0C02,0x0C02,0x0C02,0x0C02,0x0C02,0x0C02,0x0C02,0x0C02
	.hword 0x0C02,0x0C02,0x0C02,0x0C02,0x0C02,0x0C02,0x0C02,0x0C02
	.hword 0x0C02,0x0C02,0x0C02,0x0C02,0x0C02,0x0C02,0x0C02,0x0C02

	.hword 0x0002,0x0002,0x0002,0x0002,0x0002,0x0002,0x0002,0x0002
	.hword 0x0002,0x0002,0x0002,0x0002,0x0002,0x0002,0x0002,0x0002
	.hword 0x0002,0x0002,0x0002,0x0002,0x0002,0x0002,0x0002,0x0002
	.hword 0x0002,0x0002,0x0002,0x0002,0x0002,0x0002,0x0002,0x0002
	.hword 0x0003,0x0003,0x0003,0x0003,0x0003,0x0003,0x0003,0x0003
	.hword 0x0003,0x0003,0x0003,0x0003,0x0003,0x0003,0x0003,0x0003
	.hword 0x0003,0x0003,0x0003,0x0003,0x0003,0x0003,0x0003,0x0003
	.hword 0x0003,0x0003,0x0003,0x0003,0x0003,0x0003,0x0003,0x0003

	.hword 0x0003,0x0003,0x0003,0x0003,0x0003,0x0003,0x0003,0x0003
	.hword 0x0003,0x0003,0x0003,0x0003,0x0003,0x0003,0x0003,0x0003
	.hword 0x0003,0x0003,0x0003,0x0003,0x0003,0x0003,0x0003,0x0003
	.hword 0x0003,0x0003,0x0003,0x0003,0x0003,0x0003,0x0003,0x0003
	.hword 0x0003,0x0003,0x0003,0x0003,0x0003,0x0003,0x0003,0x0003
	.hword 0x0003,0x0003,0x0003,0x0003,0x0003,0x0003,0x0003,0x0003
	.hword 0x0003,0x0003,0x0003,0x0003,0x0003,0x0003,0x0003,0x0003
	.hword 0x0003,0x0003,0x0003,0x0003,0x0003,0x0003,0x0003,0x0003

	.hword 0x0003,0x0003,0x0003,0x0003,0x0003,0x0003,0x0003,0x0003
	.hword 0x0003,0x0003,0x0003,0x0003,0x0003,0x0003,0x0003,0x0003
	.hword 0x0003,0x0003,0x0003,0x0003,0x0003,0x0003,0x0003,0x0003
	.hword 0x0003,0x0003,0x0003,0x0003,0x0003,0x0003,0x0003,0x0003
	.hword 0x0003,0x0003,0x0003,0x0003,0x0003,0x0003,0x0003,0x0003
	.hword 0x0003,0x0003,0x0003,0x0003,0x0003,0x0003,0x0003,0x0003
	.hword 0x0003,0x0003,0x0003,0x0003,0x0003,0x0003,0x0003,0x0003
	.hword 0x0003,0x0003,0x0003,0x0003,0x0003,0x0003,0x0003,0x0003

	.hword 0x0004,0x0004,0x0004,0x0004,0x0004,0x0004,0x0004,0x0004
	.hword 0x0004,0x0004,0x0004,0x0004,0x0004,0x0004,0x0004,0x0004
	.hword 0x0004,0x0004,0x0004,0x0004,0x0004,0x0004,0x0004,0x0004
	.hword 0x0004,0x0004,0x0004,0x0004,0x0004,0x0004,0x0004,0x0004
	.hword 0x0005,0x0005,0x0005,0x0005,0x0005,0x0005,0x0005,0x0005
	.hword 0x0005,0x0005,0x0005,0x0005,0x0005,0x0005,0x0005,0x0005
	.hword 0x0005,0x0005,0x0005,0x0005,0x0005,0x0005,0x0005,0x0005
	.hword 0x0005,0x0005,0x0005,0x0005,0x0005,0x0005,0x0005,0x0005

	.hword 0x0005,0x0005,0x0005,0x0005,0x0005,0x0005,0x0005,0x0005
	.hword 0x0005,0x0005,0x0005,0x0005,0x0005,0x0005,0x0005,0x0005
	.hword 0x0005,0x0005,0x0005,0x0005,0x0005,0x0005,0x0005,0x0005
	.hword 0x0005,0x0005,0x0005,0x0005,0x0005,0x0005,0x0005,0x0005
	.hword 0x0005,0x0005,0x0005,0x0005,0x0005,0x0005,0x0005,0x0005
	.hword 0x0005,0x0005,0x0005,0x0005,0x0005,0x0005,0x0005,0x0005
	.hword 0x0005,0x0005,0x0005,0x0005,0x0005,0x0005,0x0005,0x0005
	.hword 0x0005,0x0005,0x0005,0x0005,0x0005,0x0005,0x0005,0x0005

	.hword 0x0006,0x0006,0x0006,0x0006,0x0006,0x0006,0x0006,0x0006
	.hword 0x0006,0x0006,0x0006,0x0006,0x0006,0x0006,0x0006,0x0006
	.hword 0x0006,0x0006,0x0006,0x0006,0x0006,0x0006,0x0006,0x0006
	.hword 0x0006,0x0006,0x0006,0x0006,0x0006,0x0006,0x0006,0x0006
	.hword 0x0007,0x0007,0x0007,0x0007,0x0007,0x0007,0x0007,0x0007
	.hword 0x0007,0x0007,0x0007,0x0007,0x0007,0x0007,0x0007,0x0007
	.hword 0x0007,0x0007,0x0007,0x0007,0x0007,0x0007,0x0007,0x0007
	.hword 0x0007,0x0007,0x0007,0x0007,0x0007,0x0007,0x0007,0x0007

	.hword 0x0007,0x0007,0x0007,0x0007,0x0007,0x0007,0x0007,0x0007
	.hword 0x0007,0x0007,0x0007,0x0007,0x0007,0x0007,0x0007,0x0007
	.hword 0x0007,0x0007,0x0007,0x0007,0x0007,0x0007,0x0007,0x0007
	.hword 0x0007,0x0007,0x0007,0x0007,0x0007,0x0007,0x0007,0x0007
	.hword 0x0007,0x0007,0x0007,0x0007,0x0007,0x0007,0x0007,0x0007
	.hword 0x0007,0x0007,0x0007,0x0007,0x0007,0x0007,0x0007,0x0007
	.hword 0x0007,0x0007,0x0007,0x0007,0x0007,0x0007,0x0007,0x0007
	.hword 0x0007,0x0007,0x0007,0x0007,0x0007,0x0007,0x0007,0x0007

	.hword 0x0008,0x0008,0x0008,0x0008,0x0008,0x0008,0x0008,0x0008
	.hword 0x0008,0x0008,0x0008,0x0008,0x0008,0x0008,0x0008,0x0008
	.hword 0x0008,0x0008,0x0008,0x0008,0x0008,0x0008,0x0008,0x0008
	.hword 0x0008,0x0008,0x0008,0x0008,0x0008,0x0008,0x0008,0x0008
	.hword 0x0009,0x0009,0x0009,0x0009,0x0009,0x0009,0x0009,0x0009
	.hword 0x0009,0x0009,0x0009,0x0009,0x0009,0x0009,0x0009,0x0009
	.hword 0x0009,0x0009,0x0009,0x0009,0x0009,0x0009,0x0009,0x0009
	.hword 0x0009,0x0009,0x0009,0x0009,0x0009,0x0009,0x0009,0x0009

	.hword 0x0009,0x0009,0x0009,0x0009,0x0009,0x0009,0x0009,0x0009
	.hword 0x0009,0x0009,0x0009,0x0009,0x0009,0x0009,0x0009,0x0009
	.hword 0x0009,0x0009,0x0009,0x0009,0x0009,0x0009,0x0009,0x0009
	.hword 0x0009,0x0009,0x0009,0x0009,0x0009,0x0009,0x0009,0x0009
	.hword 0x0009,0x0009,0x0009,0x0009,0x0009,0x0009,0x0009,0x0009
	.hword 0x0009,0x0009,0x0009,0x0009,0x0009,0x0009,0x0009,0x0009
	.hword 0x0009,0x0009,0x0009,0x0009,0x0009,0x0009,0x0009,0x0009
	.hword 0x0009,0x0009,0x0009,0x0009,0x0009,0x0009,0x0009,0x0009

	.hword 0x000A,0x000A,0x000A,0x000A,0x000A,0x000A,0x000A,0x000A
	.hword 0x000A,0x000A,0x000A,0x000A,0x000A,0x000A,0x000A,0x000A
	.hword 0x000A,0x000A,0x000A,0x000A,0x000A,0x000A,0x000A,0x000A
	.hword 0x000A,0x000A,0x000A,0x000A,0x000A,0x000A,0x000A,0x000A
	.hword 0x000B,0x000B,0x000B,0x000B,0x000B,0x000B,0x000B,0x000B
	.hword 0x000B,0x000B,0x000B,0x000B,0x000B,0x000B,0x000B,0x000B
	.hword 0x000B,0x000B,0x000B,0x000B,0x000B,0x000B,0x000B,0x000B
	.hword 0x000B,0x000B,0x000B,0x000B,0x000B,0x000B,0x000B,0x000B

	.hword 0x000B,0x000B,0x000B,0x000B,0x000B,0x000B,0x000B,0x000B
	.hword 0x000B,0x000B,0x000B,0x000B,0x000B,0x000B,0x000B,0x000B
	.hword 0x000B,0x000B,0x000B,0x000B,0x000B,0x000B,0x000B,0x000B
	.hword 0x000B,0x000B,0x000B,0x000B,0x000B,0x000B,0x000B,0x000B
	.hword 0x000C,0x000C,0x000C,0x000C,0x000C,0x000C,0x000C,0x000C
	.hword 0x000C,0x000C,0x000C,0x000C,0x000C,0x000C,0x000C,0x000C
	.hword 0x000C,0x000C,0x000C,0x000C,0x000C,0x000C,0x000C,0x000C
	.hword 0x000C,0x000C,0x000C,0x000C,0x000C,0x000C,0x000C,0x000C

	.hword 0x000D,0x000D,0x000D,0x000D,0x000D,0x000D,0x000D,0x000D
	.hword 0x000D,0x000D,0x000D,0x000D,0x000D,0x000D,0x000D,0x000D
	.hword 0x000D,0x000D,0x000D,0x000D,0x000D,0x000D,0x000D,0x000D
	.hword 0x000D,0x000D,0x000D,0x000D,0x000D,0x000D,0x000D,0x000D
	.hword 0x0C0C,0x0C0C,0x0C0C,0x0C0C,0x0C0C,0x0C0C,0x0C0C,0x0C0C
	.hword 0x0C0C,0x0C0C,0x0C0C,0x0C0C,0x0C0C,0x0C0C,0x0C0C,0x0C0C
	.hword 0x0C0C,0x0C0C,0x0C0C,0x0C0C,0x0C0C,0x0C0C,0x0C0C,0x0C0C
	.hword 0x0C0C,0x0C0C,0x0C0C,0x0C0C,0x0C0C,0x0C0C,0x0C0C,0x0C0C

	.hword 0x000C,0x000C,0x000C,0x000C,0x000C,0x000C,0x000C,0x000C
	.hword 0x000C,0x000C,0x000C,0x000C,0x000C,0x000C,0x000C,0x000C
	.hword 0x000C,0x000C,0x000C,0x000C,0x000C,0x000C,0x000C,0x000C
	.hword 0x000C,0x000C,0x000C,0x000C,0x000C,0x000C,0x000C,0x000C
	.hword 0x000D,0x000D,0x000D,0x000D,0x000D,0x000D,0x000D,0x000D
	.hword 0x000D,0x000D,0x000D,0x000D,0x000D,0x000D,0x000D,0x000D
	.hword 0x000D,0x000D,0x000D,0x000D,0x000D,0x000D,0x000D,0x000D
	.hword 0x000D,0x000D,0x000D,0x000D,0x000D,0x000D,0x000D,0x000D

	.hword 0x000D,0x000D,0x000D,0x000D,0x000D,0x000D,0x000D,0x000D
	.hword 0x000D,0x000D,0x000D,0x000D,0x000D,0x000D,0x000D,0x000D
	.hword 0x000D,0x000D,0x000D,0x000D,0x000D,0x000D,0x000D,0x000D
	.hword 0x000D,0x000D,0x000D,0x000D,0x000D,0x000D,0x000D,0x000D
	.hword 0x000D,0x000D,0x000D,0x000D,0x000D,0x000D,0x000D,0x000D
	.hword 0x000D,0x000D,0x000D,0x000D,0x000D,0x000D,0x000D,0x000D
	.hword 0x000D,0x000D,0x000D,0x000D,0x000D,0x000D,0x000D,0x000D
	.hword 0x000D,0x000D,0x000D,0x000D,0x000D,0x000D,0x000D,0x000D

	.hword 0x0001,0x0001,0x0001,0x0001,0x0001,0x0001,0x0001,0x0001
	.hword 0x0001,0x0001,0x0001,0x0001,0x0001,0x0001,0x0001,0x0001
	.hword 0x0001,0x0001,0x0001,0x0001,0x0001,0x0001,0x0001,0x0001
	.hword 0x0001,0x0001,0x0001,0x0001,0x0001,0x0001,0x0001,0x0001
	.hword 0x0002,0x0002,0x0002,0x0002,0x0002,0x0002,0x0002,0x0002
	.hword 0x0002,0x0002,0x0002,0x0002,0x0002,0x0002,0x0002,0x0002
	.hword 0x0002,0x0002,0x0002,0x0002,0x0002,0x0002,0x0002,0x0002
	.hword 0x0002,0x0002,0x0002,0x0002,0x0002,0x0002,0x0002,0x0002

	.hword 0x0003,0x0003,0x0003,0x0003,0x0003,0x0003,0x0003,0x0003
	.hword 0x0003,0x0003,0x0003,0x0003,0x0003,0x0003,0x0003,0x0003
	.hword 0x0003,0x0003,0x0003,0x0003,0x0003,0x0003,0x0003,0x0003
	.hword 0x0003,0x0003,0x0003,0x0003,0x0003,0x0003,0x0003,0x0003
	.hword 0x0C02,0x0C02,0x0C02,0x0C02,0x0C02,0x0C02,0x0C02,0x0C02
	.hword 0x0C02,0x0C02,0x0C02,0x0C02,0x0C02,0x0C02,0x0C02,0x0C02
	.hword 0x0C02,0x0C02,0x0C02,0x0C02,0x0C02,0x0C02,0x0C02,0x0C02
	.hword 0x0C02,0x0C02,0x0C02,0x0C02,0x0C02,0x0C02,0x0C02,0x0C02

	.hword 0x0002,0x0002,0x0002,0x0002,0x0002,0x0002,0x0002,0x0002
	.hword 0x0002,0x0002,0x0002,0x0002,0x0002,0x0002,0x0002,0x0002
	.hword 0x0002,0x0002,0x0002,0x0002,0x0002,0x0002,0x0002,0x0002
	.hword 0x0002,0x0002,0x0002,0x0002,0x0002,0x0002,0x0002,0x0002
	.hword 0x0003,0x0003,0x0003,0x0003,0x0003,0x0003,0x0003,0x0003
	.hword 0x0003,0x0003,0x0003,0x0003,0x0003,0x0003,0x0003,0x0003
	.hword 0x0003,0x0003,0x0003,0x0003,0x0003,0x0003,0x0003,0x0003
	.hword 0x0003,0x0003,0x0003,0x0003,0x0003,0x0003,0x0003,0x0003

	.hword 0x0003,0x0003,0x0003,0x0003,0x0003,0x0003,0x0003,0x0003
	.hword 0x0003,0x0003,0x0003,0x0003,0x0003,0x0003,0x0003,0x0003
	.hword 0x0003,0x0003,0x0003,0x0003,0x0003,0x0003,0x0003,0x0003
	.hword 0x0003,0x0003,0x0003,0x0003,0x0003,0x0003,0x0003,0x0003
	.hword 0x0003,0x0003,0x0003,0x0003,0x0003,0x0003,0x0003,0x0003
	.hword 0x0003,0x0003,0x0003,0x0003,0x0003,0x0003,0x0003,0x0003
	.hword 0x0003,0x0003,0x0003,0x0003,0x0003,0x0003,0x0003,0x0003
	.hword 0x0003,0x0003,0x0003,0x0003,0x0003,0x0003,0x0003,0x0003

	.hword 0x0003,0x0003,0x0003,0x0003,0x0003,0x0003,0x0003,0x0003
	.hword 0x0003,0x0003,0x0003,0x0003,0x0003,0x0003,0x0003,0x0003
	.hword 0x0003,0x0003,0x0003,0x0003,0x0003,0x0003,0x0003,0x0003
	.hword 0x0003,0x0003,0x0003,0x0003,0x0003,0x0003,0x0003,0x0003
	.hword 0x0003,0x0003,0x0003,0x0003,0x0003,0x0003,0x0003,0x0003
	.hword 0x0003,0x0003,0x0003,0x0003,0x0003,0x0003,0x0003,0x0003
	.hword 0x0003,0x0003,0x0003,0x0003,0x0003,0x0003,0x0003,0x0003
	.hword 0x0003,0x0003,0x0003,0x0003,0x0003,0x0003,0x0003,0x0003

	.hword 0x0004,0x0004,0x0004,0x0004,0x0004,0x0004,0x0004,0x0004
	.hword 0x0004,0x0004,0x0004,0x0004,0x0004,0x0004,0x0004,0x0004
	.hword 0x0004,0x0004,0x0004,0x0004,0x0004,0x0004,0x0004,0x0004
	.hword 0x0004,0x0004,0x0004,0x0004,0x0004,0x0004,0x0004,0x0004
	.hword 0x0005,0x0005,0x0005,0x0005,0x0005,0x0005,0x0005,0x0005
	.hword 0x0005,0x0005,0x0005,0x0005,0x0005,0x0005,0x0005,0x0005
	.hword 0x0005,0x0005,0x0005,0x0005,0x0005,0x0005,0x0005,0x0005
	.hword 0x0005,0x0005,0x0005,0x0005,0x0005,0x0005,0x0005,0x0005

	.hword 0x0005,0x0005,0x0005,0x0005,0x0005,0x0005,0x0005,0x0005
	.hword 0x0005,0x0005,0x0005,0x0005,0x0005,0x0005,0x0005,0x0005
	.hword 0x0005,0x0005,0x0005,0x0005,0x0005,0x0005,0x0005,0x0005
	.hword 0x0005,0x0005,0x0005,0x0005,0x0005,0x0005,0x0005,0x0005
	.hword 0x0005,0x0005,0x0005,0x0005,0x0005,0x0005,0x0005,0x0005
	.hword 0x0005,0x0005,0x0005,0x0005,0x0005,0x0005,0x0005,0x0005
	.hword 0x0005,0x0005,0x0005,0x0005,0x0005,0x0005,0x0005,0x0005
	.hword 0x0005,0x0005,0x0005,0x0005,0x0005,0x0005,0x0005,0x0005

	.hword 0x0006,0x0006,0x0006,0x0006,0x0006,0x0006,0x0006,0x0006
	.hword 0x0006,0x0006,0x0006,0x0006,0x0006,0x0006,0x0006,0x0006
	.hword 0x0006,0x0006,0x0006,0x0006,0x0006,0x0006,0x0006,0x0006
	.hword 0x0006,0x0006,0x0006,0x0006,0x0006,0x0006,0x0006,0x0006
	.hword 0x0007,0x0007,0x0007,0x0007,0x0007,0x0007,0x0007,0x0007
	.hword 0x0007,0x0007,0x0007,0x0007,0x0007,0x0007,0x0007,0x0007
	.hword 0x0007,0x0007,0x0007,0x0007,0x0007,0x0007,0x0007,0x0007
	.hword 0x0007,0x0007,0x0007,0x0007,0x0007,0x0007,0x0007,0x0007

	.hword 0x0007,0x0007,0x0007,0x0007,0x0007,0x0007,0x0007,0x0007
	.hword 0x0007,0x0007,0x0007,0x0007,0x0007,0x0007,0x0007,0x0007
	.hword 0x0007,0x0007,0x0007,0x0007,0x0007,0x0007,0x0007,0x0007
	.hword 0x0007,0x0007,0x0007,0x0007,0x0007,0x0007,0x0007,0x0007
	.hword 0x0007,0x0007,0x0007,0x0007,0x0007,0x0007,0x0007,0x0007
	.hword 0x0007,0x0007,0x0007,0x0007,0x0007,0x0007,0x0007,0x0007
	.hword 0x0007,0x0007,0x0007,0x0007,0x0007,0x0007,0x0007,0x0007
	.hword 0x0007,0x0007,0x0007,0x0007,0x0007,0x0007,0x0007,0x0007

	.hword 0x0008,0x0008,0x0008,0x0008,0x0008,0x0008,0x0008,0x0008
	.hword 0x0008,0x0008,0x0008,0x0008,0x0008,0x0008,0x0008,0x0008
	.hword 0x0008,0x0008,0x0008,0x0008,0x0008,0x0008,0x0008,0x0008
	.hword 0x0008,0x0008,0x0008,0x0008,0x0008,0x0008,0x0008,0x0008
	.hword 0x0009,0x0009,0x0009,0x0009,0x0009,0x0009,0x0009,0x0009
	.hword 0x0009,0x0009,0x0009,0x0009,0x0009,0x0009,0x0009,0x0009
	.hword 0x0009,0x0009,0x0009,0x0009,0x0009,0x0009,0x0009,0x0009
	.hword 0x0009,0x0009,0x0009,0x0009,0x0009,0x0009,0x0009,0x0009

	.hword 0x0009,0x0009,0x0009,0x0009,0x0009,0x0009,0x0009,0x0009
	.hword 0x0009,0x0009,0x0009,0x0009,0x0009,0x0009,0x0009,0x0009
	.hword 0x0009,0x0009,0x0009,0x0009,0x0009,0x0009,0x0009,0x0009
	.hword 0x0009,0x0009,0x0009,0x0009,0x0009,0x0009,0x0009,0x0009
	.hword 0x0009,0x0009,0x0009,0x0009,0x0009,0x0009,0x0009,0x0009
	.hword 0x0009,0x0009,0x0009,0x0009,0x0009,0x0009,0x0009,0x0009
	.hword 0x0009,0x0009,0x0009,0x0009,0x0009,0x0009,0x0009,0x0009
	.hword 0x0009,0x0009,0x0009,0x0009,0x0009,0x0009,0x0009,0x0009

	.hword 0x000A,0x000A,0x000A,0x000A,0x000A,0x000A,0x000A,0x000A
	.hword 0x000A,0x000A,0x000A,0x000A,0x000A,0x000A,0x000A,0x000A
	.hword 0x000A,0x000A,0x000A,0x000A,0x000A,0x000A,0x000A,0x000A
	.hword 0x000A,0x000A,0x000A,0x000A,0x000A,0x000A,0x000A,0x000A
	.hword 0x000B,0x000B,0x000B,0x000B,0x000B,0x000B,0x000B,0x000B
	.hword 0x000B,0x000B,0x000B,0x000B,0x000B,0x000B,0x000B,0x000B
	.hword 0x000B,0x000B,0x000B,0x000B,0x000B,0x000B,0x000B,0x000B
	.hword 0x000B,0x000B,0x000B,0x000B,0x000B,0x000B,0x000B,0x000B

	.hword 0x000B,0x000B,0x000B,0x000B,0x000B,0x000B,0x000B,0x000B
	.hword 0x000B,0x000B,0x000B,0x000B,0x000B,0x000B,0x000B,0x000B
	.hword 0x000B,0x000B,0x000B,0x000B,0x000B,0x000B,0x000B,0x000B
	.hword 0x000B,0x000B,0x000B,0x000B,0x000B,0x000B,0x000B,0x000B
	.hword 0x000C,0x000C,0x000C,0x000C,0x000C,0x000C,0x000C,0x000C
	.hword 0x000C,0x000C,0x000C,0x000C,0x000C,0x000C,0x000C,0x000C
	.hword 0x000C,0x000C,0x000C,0x000C,0x000C,0x000C,0x000C,0x000C
	.hword 0x000C,0x000C,0x000C,0x000C,0x000C,0x000C,0x000C,0x000C

	.hword 0x000D,0x000D,0x000D,0x000D,0x000D,0x000D,0x000D,0x000D
	.hword 0x000D,0x000D,0x000D,0x000D,0x000D,0x000D,0x000D,0x000D
	.hword 0x000D,0x000D,0x000D,0x000D,0x000D,0x000D,0x000D,0x000D
	.hword 0x000D,0x000D,0x000D,0x000D,0x000D,0x000D,0x000D,0x000D
	.hword 0x0C0C,0x0C0C,0x0C0C,0x0C0C,0x0C0C,0x0C0C,0x0C0C,0x0C0C
	.hword 0x0C0C,0x0C0C,0x0C0C,0x0C0C,0x0C0C,0x0C0C,0x0C0C,0x0C0C
	.hword 0x0C0C,0x0C0C,0x0C0C,0x0C0C,0x0C0C,0x0C0C,0x0C0C,0x0C0C
	.hword 0x0C0C,0x0C0C,0x0C0C,0x0C0C,0x0C0C,0x0C0C,0x0C0C,0x0C0C

	.hword 0x000C,0x000C,0x000C,0x000C,0x000C,0x000C,0x000C,0x000C
	.hword 0x000C,0x000C,0x000C,0x000C,0x000C,0x000C,0x000C,0x000C
	.hword 0x000C,0x000C,0x000C,0x000C,0x000C,0x000C,0x000C,0x000C
	.hword 0x000C,0x000C,0x000C,0x000C,0x000C,0x000C,0x000C,0x000C
	.hword 0x000D,0x000D,0x000D,0x000D,0x000D,0x000D,0x000D,0x000D
	.hword 0x000D,0x000D,0x000D,0x000D,0x000D,0x000D,0x000D,0x000D
	.hword 0x000D,0x000D,0x000D,0x000D,0x000D,0x000D,0x000D,0x000D
	.hword 0x000D,0x000D,0x000D,0x000D,0x000D,0x000D,0x000D,0x000D

	.hword 0x000D,0x000D,0x000D,0x000D,0x000D,0x000D,0x000D,0x000D
	.hword 0x000D,0x000D,0x000D,0x000D,0x000D,0x000D,0x000D,0x000D
	.hword 0x000D,0x000D,0x000D,0x000D,0x000D,0x000D,0x000D,0x000D
	.hword 0x000D,0x000D,0x000D,0x000D,0x000D,0x000D,0x000D,0x000D
	.hword 0x000D,0x000D,0x000D,0x000D,0x000D,0x000D,0x000D,0x000D
	.hword 0x000D,0x000D,0x000D,0x000D,0x000D,0x000D,0x000D,0x000D
	.hword 0x000D,0x000D,0x000D,0x000D,0x000D,0x000D,0x000D,0x000D
	.hword 0x000D,0x000D,0x000D,0x000D,0x000D,0x000D,0x000D,0x000D

	.hword 0x000D,0x000D,0x000D,0x000D,0x000D,0x000D,0x000D,0x000D
	.hword 0x000D,0x000D,0x000D,0x000D,0x000D,0x000D,0x000D,0x000D
	.hword 0x000D,0x000D,0x000D,0x000D,0x000D,0x000D,0x000D,0x000D
	.hword 0x000D,0x000D,0x000D,0x000D,0x000D,0x000D,0x000D,0x000D
	.hword 0x000D,0x000D,0x000D,0x000D,0x000D,0x000D,0x000D,0x000D
	.hword 0x000D,0x000D,0x000D,0x000D,0x000D,0x000D,0x000D,0x000D
	.hword 0x000D,0x000D,0x000D,0x000D,0x000D,0x000D,0x000D,0x000D
	.hword 0x000D,0x000D,0x000D,0x000D,0x000D,0x000D,0x000D,0x000D

	.hword 0x000D,0x000D,0x000D,0x000D,0x000D,0x000D,0x000D,0x000D
	.hword 0x000D,0x000D,0x000D,0x000D,0x000D,0x000D,0x000D,0x000D
	.hword 0x000D,0x000D,0x000D,0x000D,0x000D,0x000D,0x000D,0x000D
	.hword 0x000D,0x000D,0x000D,0x000D,0x000D,0x000D,0x000D,0x000D
	.hword 0x0C0C,0x0C0C,0x0C0C,0x0C0C,0x0C0C,0x0C0C,0x0C0C,0x0C0C
	.hword 0x0C0C,0x0C0C,0x0C0C,0x0C0C,0x0C0C,0x0C0C,0x0C0C,0x0C0C
	.hword 0x0C0C,0x0C0C,0x0C0C,0x0C0C,0x0C0C,0x0C0C,0x0C0C,0x0C0C
	.hword 0x0C0C,0x0C0C,0x0C0C,0x0C0C,0x0C0C,0x0C0C,0x0C0C,0x0C0C

	.hword 0x000C,0x000C,0x000C,0x000C,0x000C,0x000C,0x000C,0x000C
	.hword 0x000C,0x000C,0x000C,0x000C,0x000C,0x000C,0x000C,0x000C
	.hword 0x000C,0x000C,0x000C,0x000C,0x000C,0x000C,0x000C,0x000C
	.hword 0x000C,0x000C,0x000C,0x000C,0x000C,0x000C,0x000C,0x000C
	.hword 0x000D,0x000D,0x000D,0x000D,0x000D,0x000D,0x000D,0x000D
	.hword 0x000D,0x000D,0x000D,0x000D,0x000D,0x000D,0x000D,0x000D
	.hword 0x000D,0x000D,0x000D,0x000D,0x000D,0x000D,0x000D,0x000D
	.hword 0x000D,0x000D,0x000D,0x000D,0x000D,0x000D,0x000D,0x000D

	.hword 0x0C0C,0x0C0C,0x0C0C,0x0C0C,0x0C0C,0x0C0C,0x0C0C,0x0C0C
	.hword 0x0C0C,0x0C0C,0x0C0C,0x0C0C,0x0C0C,0x0C0C,0x0C0C,0x0C0C
	.hword 0x0C0C,0x0C0C,0x0C0C,0x0C0C,0x0C0C,0x0C0C,0x0C0C,0x0C0C
	.hword 0x0C0C,0x0C0C,0x0C0C,0x0C0C,0x0C0C,0x0C0C,0x0C0C,0x0C0C
	.hword 0x000B,0x000B,0x000B,0x000B,0x000B,0x000B,0x000B,0x000B
	.hword 0x000B,0x000B,0x000B,0x000B,0x000B,0x000B,0x000B,0x000B
	.hword 0x000B,0x000B,0x000B,0x000B,0x000B,0x000B,0x000B,0x000B
	.hword 0x000B,0x000B,0x000B,0x000B,0x000B,0x000B,0x000B,0x000B

	.hword 0x000B,0x000B,0x000B,0x000B,0x000B,0x000B,0x000B,0x000B
	.hword 0x000B,0x000B,0x000B,0x000B,0x000B,0x000B,0x000B,0x000B
	.hword 0x000B,0x000B,0x000B,0x000B,0x000B,0x000B,0x000B,0x000B
	.hword 0x000B,0x000B,0x000B,0x000B,0x000B,0x000B,0x000B,0x000B
	.hword 0x0C0A,0x0C0A,0x0C0A,0x0C0A,0x0C0A,0x0C0A,0x0C0A,0x0C0A
	.hword 0x0C0A,0x0C0A,0x0C0A,0x0C0A,0x0C0A,0x0C0A,0x0C0A,0x0C0A
	.hword 0x0C0A,0x0C0A,0x0C0A,0x0C0A,0x0C0A,0x0C0A,0x0C0A,0x0C0A
	.hword 0x0C0A,0x0C0A,0x0C0A,0x0C0A,0x0C0A,0x0C0A,0x0C0A,0x0C0A

	.hword 0x0009,0x0009,0x0009,0x0009,0x0009,0x0009,0x0009,0x0009
	.hword 0x0009,0x0009,0x0009,0x0009,0x0009,0x0009,0x0009,0x0009
	.hword 0x0009,0x0009,0x0009,0x0009,0x0009,0x0009,0x0009,0x0009
	.hword 0x0009,0x0009,0x0009,0x0009,0x0009,0x0009,0x0009,0x0009
	.hword 0x0009,0x0009,0x0009,0x0009,0x0009,0x0009,0x0009,0x0009
	.hword 0x0009,0x0009,0x0009,0x0009,0x0009,0x0009,0x0009,0x0009
	.hword 0x0009,0x0009,0x0009,0x0009,0x0009,0x0009,0x0009,0x0009
	.hword 0x0009,0x0009,0x0009,0x0009,0x0009,0x0009,0x0009,0x0009

	.hword 0x0009,0x0009,0x0009,0x0009,0x0009,0x0009,0x0009,0x0009
	.hword 0x0009,0x0009,0x0009,0x0009,0x0009,0x0009,0x0009,0x0009
	.hword 0x0009,0x0009,0x0009,0x0009,0x0009,0x0009,0x0009,0x0009
	.hword 0x0009,0x0009,0x0009,0x0009,0x0009,0x0009,0x0009,0x0009
	.hword 0x0009,0x0009,0x0009,0x0009,0x0009,0x0009,0x0009,0x0009
	.hword 0x0009,0x0009,0x0009,0x0009,0x0009,0x0009,0x0009,0x0009
	.hword 0x0009,0x0009,0x0009,0x0009,0x0009,0x0009,0x0009,0x0009
	.hword 0x0009,0x0009,0x0009,0x0009,0x0009,0x0009,0x0009,0x0009

	.hword 0x0C08,0x0C08,0x0C08,0x0C08,0x0C08,0x0C08,0x0C08,0x0C08
	.hword 0x0C08,0x0C08,0x0C08,0x0C08,0x0C08,0x0C08,0x0C08,0x0C08
	.hword 0x0C08,0x0C08,0x0C08,0x0C08,0x0C08,0x0C08,0x0C08,0x0C08
	.hword 0x0C08,0x0C08,0x0C08,0x0C08,0x0C08,0x0C08,0x0C08,0x0C08
	.hword 0x0007,0x0007,0x0007,0x0007,0x0007,0x0007,0x0007,0x0007
	.hword 0x0007,0x0007,0x0007,0x0007,0x0007,0x0007,0x0007,0x0007
	.hword 0x0007,0x0007,0x0007,0x0007,0x0007,0x0007,0x0007,0x0007
	.hword 0x0007,0x0007,0x0007,0x0007,0x0007,0x0007,0x0007,0x0007

	.hword 0x0007,0x0007,0x0007,0x0007,0x0007,0x0007,0x0007,0x0007
	.hword 0x0007,0x0007,0x0007,0x0007,0x0007,0x0007,0x0007,0x0007
	.hword 0x0007,0x0007,0x0007,0x0007,0x0007,0x0007,0x0007,0x0007
	.hword 0x0007,0x0007,0x0007,0x0007,0x0007,0x0007,0x0007,0x0007
	.hword 0x0007,0x0007,0x0007,0x0007,0x0007,0x0007,0x0007,0x0007
	.hword 0x0007,0x0007,0x0007,0x0007,0x0007,0x0007,0x0007,0x0007
	.hword 0x0007,0x0007,0x0007,0x0007,0x0007,0x0007,0x0007,0x0007
	.hword 0x0007,0x0007,0x0007,0x0007,0x0007,0x0007,0x0007,0x0007

	.hword 0x0C06,0x0C06,0x0C06,0x0C06,0x0C06,0x0C06,0x0C06,0x0C06
	.hword 0x0C06,0x0C06,0x0C06,0x0C06,0x0C06,0x0C06,0x0C06,0x0C06
	.hword 0x0C06,0x0C06,0x0C06,0x0C06,0x0C06,0x0C06,0x0C06,0x0C06
	.hword 0x0C06,0x0C06,0x0C06,0x0C06,0x0C06,0x0C06,0x0C06,0x0C06
	.hword 0x0005,0x0005,0x0005,0x0005,0x0005,0x0005,0x0005,0x0005
	.hword 0x0005,0x0005,0x0005,0x0005,0x0005,0x0005,0x0005,0x0005
	.hword 0x0005,0x0005,0x0005,0x0005,0x0005,0x0005,0x0005,0x0005
	.hword 0x0005,0x0005,0x0005,0x0005,0x0005,0x0005,0x0005,0x0005

	.hword 0x0005,0x0005,0x0005,0x0005,0x0005,0x0005,0x0005,0x0005
	.hword 0x0005,0x0005,0x0005,0x0005,0x0005,0x0005,0x0005,0x0005
	.hword 0x0005,0x0005,0x0005,0x0005,0x0005,0x0005,0x0005,0x0005
	.hword 0x0005,0x0005,0x0005,0x0005,0x0005,0x0005,0x0005,0x0005
	.hword 0x0005,0x0005,0x0005,0x0005,0x0005,0x0005,0x0005,0x0005
	.hword 0x0005,0x0005,0x0005,0x0005,0x0005,0x0005,0x0005,0x0005
	.hword 0x0005,0x0005,0x0005,0x0005,0x0005,0x0005,0x0005,0x0005
	.hword 0x0005,0x0005,0x0005,0x0005,0x0005,0x0005,0x0005,0x0005

	.hword 0x0C04,0x0C04,0x0C04,0x0C04,0x0C04,0x0C04,0x0C04,0x0C04
	.hword 0x0C04,0x0C04,0x0C04,0x0C04,0x0C04,0x0C04,0x0C04,0x0C04
	.hword 0x0C04,0x0C04,0x0C04,0x0C04,0x0C04,0x0C04,0x0C04,0x0C04
	.hword 0x0C04,0x0C04,0x0C04,0x0C04,0x0C04,0x0C04,0x0C04,0x0C04
	.hword 0x0003,0x0003,0x0003,0x0003,0x0003,0x0003,0x0003,0x0003
	.hword 0x0003,0x0003,0x0003,0x0003,0x0003,0x0003,0x0003,0x0003
	.hword 0x0003,0x0003,0x0003,0x0003,0x0003,0x0003,0x0003,0x0003
	.hword 0x0003,0x0003,0x0003,0x0003,0x0003,0x0003,0x0003,0x0003

	.hword 0x0003,0x0003,0x0003,0x0003,0x0003,0x0003,0x0003,0x0003
	.hword 0x0003,0x0003,0x0003,0x0003,0x0003,0x0003,0x0003,0x0003
	.hword 0x0003,0x0003,0x0003,0x0003,0x0003,0x0003,0x0003,0x0003
	.hword 0x0003,0x0003,0x0003,0x0003,0x0003,0x0003,0x0003,0x0003
	.hword 0x0003,0x0003,0x0003,0x0003,0x0003,0x0003,0x0003,0x0003
	.hword 0x0003,0x0003,0x0003,0x0003,0x0003,0x0003,0x0003,0x0003
	.hword 0x0003,0x0003,0x0003,0x0003,0x0003,0x0003,0x0003,0x0003
	.hword 0x0003,0x0003,0x0003,0x0003,0x0003,0x0003,0x0003,0x0003

	.hword 0x0003,0x0003,0x0003,0x0003,0x0003,0x0003,0x0003,0x0003
	.hword 0x0003,0x0003,0x0003,0x0003,0x0003,0x0003,0x0003,0x0003
	.hword 0x0003,0x0003,0x0003,0x0003,0x0003,0x0003,0x0003,0x0003
	.hword 0x0003,0x0003,0x0003,0x0003,0x0003,0x0003,0x0003,0x0003
	.hword 0x0003,0x0003,0x0003,0x0003,0x0003,0x0003,0x0003,0x0003
	.hword 0x0003,0x0003,0x0003,0x0003,0x0003,0x0003,0x0003,0x0003
	.hword 0x0003,0x0003,0x0003,0x0003,0x0003,0x0003,0x0003,0x0003
	.hword 0x0003,0x0003,0x0003,0x0003,0x0003,0x0003,0x0003,0x0003

	.hword 0x0C02,0x0C02,0x0C02,0x0C02,0x0C02,0x0C02,0x0C02,0x0C02
	.hword 0x0C02,0x0C02,0x0C02,0x0C02,0x0C02,0x0C02,0x0C02,0x0C02
	.hword 0x0C02,0x0C02,0x0C02,0x0C02,0x0C02,0x0C02,0x0C02,0x0C02
	.hword 0x0C02,0x0C02,0x0C02,0x0C02,0x0C02,0x0C02,0x0C02,0x0C02
	.hword 0x0002,0x0002,0x0002,0x0002,0x0002,0x0002,0x0002,0x0002
	.hword 0x0002,0x0002,0x0002,0x0002,0x0002,0x0002,0x0002,0x0002
	.hword 0x0002,0x0002,0x0002,0x0002,0x0002,0x0002,0x0002,0x0002
	.hword 0x0002,0x0002,0x0002,0x0002,0x0002,0x0002,0x0002,0x0002

	.hword 0x0003,0x0003,0x0003,0x0003,0x0003,0x0003,0x0003,0x0003
	.hword 0x0003,0x0003,0x0003,0x0003,0x0003,0x0003,0x0003,0x0003
	.hword 0x0003,0x0003,0x0003,0x0003,0x0003,0x0003,0x0003,0x0003
	.hword 0x0003,0x0003,0x0003,0x0003,0x0003,0x0003,0x0003,0x0003
	.hword 0x0C02,0x0C02,0x0C02,0x0C02,0x0C02,0x0C02,0x0C02,0x0C02
	.hword 0x0C02,0x0C02,0x0C02,0x0C02,0x0C02,0x0C02,0x0C02,0x0C02
	.hword 0x0C02,0x0C02,0x0C02,0x0C02,0x0C02,0x0C02,0x0C02,0x0C02
	.hword 0x0C02,0x0C02,0x0C02,0x0C02,0x0C02,0x0C02,0x0C02,0x0C02

	.hword 0x000D,0x000D,0x000D,0x000D,0x000D,0x000D,0x000D,0x000D
	.hword 0x000D,0x000D,0x000D,0x000D,0x000D,0x000D,0x000D,0x000D
	.hword 0x000D,0x000D,0x000D,0x000D,0x000D,0x000D,0x000D,0x000D
	.hword 0x000D,0x000D,0x000D,0x000D,0x000D,0x000D,0x000D,0x000D
	.hword 0x000D,0x000D,0x000D,0x000D,0x000D,0x000D,0x000D,0x000D
	.hword 0x000D,0x000D,0x000D,0x000D,0x000D,0x000D,0x000D,0x000D
	.hword 0x000D,0x000D,0x000D,0x000D,0x000D,0x000D,0x000D,0x000D
	.hword 0x000D,0x000D,0x000D,0x000D,0x000D,0x000D,0x000D,0x000D

	.hword 0x000D,0x000D,0x000D,0x000D,0x000D,0x000D,0x000D,0x000D
	.hword 0x000D,0x000D,0x000D,0x000D,0x000D,0x000D,0x000D,0x000D
	.hword 0x000D,0x000D,0x000D,0x000D,0x000D,0x000D,0x000D,0x000D
	.hword 0x000D,0x000D,0x000D,0x000D,0x000D,0x000D,0x000D,0x000D
	.hword 0x0C0C,0x0C0C,0x0C0C,0x0C0C,0x0C0C,0x0C0C,0x0C0C,0x0C0C
	.hword 0x0C0C,0x0C0C,0x0C0C,0x0C0C,0x0C0C,0x0C0C,0x0C0C,0x0C0C
	.hword 0x0C0C,0x0C0C,0x0C0C,0x0C0C,0x0C0C,0x0C0C,0x0C0C,0x0C0C
	.hword 0x0C0C,0x0C0C,0x0C0C,0x0C0C,0x0C0C,0x0C0C,0x0C0C,0x0C0C

	.hword 0x000C,0x000C,0x000C,0x000C,0x000C,0x000C,0x000C,0x000C
	.hword 0x000C,0x000C,0x000C,0x000C,0x000C,0x000C,0x000C,0x000C
	.hword 0x000C,0x000C,0x000C,0x000C,0x000C,0x000C,0x000C,0x000C
	.hword 0x000C,0x000C,0x000C,0x000C,0x000C,0x000C,0x000C,0x000C
	.hword 0x000D,0x000D,0x000D,0x000D,0x000D,0x000D,0x000D,0x000D
	.hword 0x000D,0x000D,0x000D,0x000D,0x000D,0x000D,0x000D,0x000D
	.hword 0x000D,0x000D,0x000D,0x000D,0x000D,0x000D,0x000D,0x000D
	.hword 0x000D,0x000D,0x000D,0x000D,0x000D,0x000D,0x000D,0x000D

	.hword 0x0C0C,0x0C0C,0x0C0C,0x0C0C,0x0C0C,0x0C0C,0x0C0C,0x0C0C
	.hword 0x0C0C,0x0C0C,0x0C0C,0x0C0C,0x0C0C,0x0C0C,0x0C0C,0x0C0C
	.hword 0x0C0C,0x0C0C,0x0C0C,0x0C0C,0x0C0C,0x0C0C,0x0C0C,0x0C0C
	.hword 0x0C0C,0x0C0C,0x0C0C,0x0C0C,0x0C0C,0x0C0C,0x0C0C,0x0C0C
	.hword 0x000B,0x000B,0x000B,0x000B,0x000B,0x000B,0x000B,0x000B
	.hword 0x000B,0x000B,0x000B,0x000B,0x000B,0x000B,0x000B,0x000B
	.hword 0x000B,0x000B,0x000B,0x000B,0x000B,0x000B,0x000B,0x000B
	.hword 0x000B,0x000B,0x000B,0x000B,0x000B,0x000B,0x000B,0x000B

	.hword 0x000B,0x000B,0x000B,0x000B,0x000B,0x000B,0x000B,0x000B
	.hword 0x000B,0x000B,0x000B,0x000B,0x000B,0x000B,0x000B,0x000B
	.hword 0x000B,0x000B,0x000B,0x000B,0x000B,0x000B,0x000B,0x000B
	.hword 0x000B,0x000B,0x000B,0x000B,0x000B,0x000B,0x000B,0x000B
	.hword 0x0C0A,0x0C0A,0x0C0A,0x0C0A,0x0C0A,0x0C0A,0x0C0A,0x0C0A
	.hword 0x0C0A,0x0C0A,0x0C0A,0x0C0A,0x0C0A,0x0C0A,0x0C0A,0x0C0A
	.hword 0x0C0A,0x0C0A,0x0C0A,0x0C0A,0x0C0A,0x0C0A,0x0C0A,0x0C0A
	.hword 0x0C0A,0x0C0A,0x0C0A,0x0C0A,0x0C0A,0x0C0A,0x0C0A,0x0C0A

	.hword 0x0009,0x0009,0x0009,0x0009,0x0009,0x0009,0x0009,0x0009
	.hword 0x0009,0x0009,0x0009,0x0009,0x0009,0x0009,0x0009,0x0009
	.hword 0x0009,0x0009,0x0009,0x0009,0x0009,0x0009,0x0009,0x0009
	.hword 0x0009,0x0009,0x0009,0x0009,0x0009,0x0009,0x0009,0x0009
	.hword 0x0009,0x0009,0x0009,0x0009,0x0009,0x0009,0x0009,0x0009
	.hword 0x0009,0x0009,0x0009,0x0009,0x0009,0x0009,0x0009,0x0009
	.hword 0x0009,0x0009,0x0009,0x0009,0x0009,0x0009,0x0009,0x0009
	.hword 0x0009,0x0009,0x0009,0x0009,0x0009,0x0009,0x0009,0x0009

	.hword 0x0009,0x0009,0x0009,0x0009,0x0009,0x0009,0x0009,0x0009
	.hword 0x0009,0x0009,0x0009,0x0009,0x0009,0x0009,0x0009,0x0009
	.hword 0x0009,0x0009,0x0009,0x0009,0x0009,0x0009,0x0009,0x0009
	.hword 0x0009,0x0009,0x0009,0x0009,0x0009,0x0009,0x0009,0x0009
	.hword 0x0009,0x0009,0x0009,0x0009,0x0009,0x0009,0x0009,0x0009
	.hword 0x0009,0x0009,0x0009,0x0009,0x0009,0x0009,0x0009,0x0009
	.hword 0x0009,0x0009,0x0009,0x0009,0x0009,0x0009,0x0009,0x0009
	.hword 0x0009,0x0009,0x0009,0x0009,0x0009,0x0009,0x0009,0x0009

	.hword 0x0C08,0x0C08,0x0C08,0x0C08,0x0C08,0x0C08,0x0C08,0x0C08
	.hword 0x0C08,0x0C08,0x0C08,0x0C08,0x0C08,0x0C08,0x0C08,0x0C08
	.hword 0x0C08,0x0C08,0x0C08,0x0C08,0x0C08,0x0C08,0x0C08,0x0C08
	.hword 0x0C08,0x0C08,0x0C08,0x0C08,0x0C08,0x0C08,0x0C08,0x0C08
	.hword 0x0007,0x0007,0x0007,0x0007,0x0007,0x0007,0x0007,0x0007
	.hword 0x0007,0x0007,0x0007,0x0007,0x0007,0x0007,0x0007,0x0007
	.hword 0x0007,0x0007,0x0007,0x0007,0x0007,0x0007,0x0007,0x0007
	.hword 0x0007,0x0007,0x0007,0x0007,0x0007,0x0007,0x0007,0x0007

	.hword 0x0007,0x0007,0x0007,0x0007,0x0007,0x0007,0x0007,0x0007
	.hword 0x0007,0x0007,0x0007,0x0007,0x0007,0x0007,0x0007,0x0007
	.hword 0x0007,0x0007,0x0007,0x0007,0x0007,0x0007,0x0007,0x0007
	.hword 0x0007,0x0007,0x0007,0x0007,0x0007,0x0007,0x0007,0x0007
	.hword 0x0007,0x0007,0x0007,0x0007,0x0007,0x0007,0x0007,0x0007
	.hword 0x0007,0x0007,0x0007,0x0007,0x0007,0x0007,0x0007,0x0007
	.hword 0x0007,0x0007,0x0007,0x0007,0x0007,0x0007,0x0007,0x0007
	.hword 0x0007,0x0007,0x0007,0x0007,0x0007,0x0007,0x0007,0x0007

	.hword 0x0C06,0x0C06,0x0C06,0x0C06,0x0C06,0x0C06,0x0C06,0x0C06
	.hword 0x0C06,0x0C06,0x0C06,0x0C06,0x0C06,0x0C06,0x0C06,0x0C06
	.hword 0x0C06,0x0C06,0x0C06,0x0C06,0x0C06,0x0C06,0x0C06,0x0C06
	.hword 0x0C06,0x0C06,0x0C06,0x0C06,0x0C06,0x0C06,0x0C06,0x0C06
	.hword 0x0005,0x0005,0x0005,0x0005,0x0005,0x0005,0x0005,0x0005
	.hword 0x0005,0x0005,0x0005,0x0005,0x0005,0x0005,0x0005,0x0005
	.hword 0x0005,0x0005,0x0005,0x0005,0x0005,0x0005,0x0005,0x0005
	.hword 0x0005,0x0005,0x0005,0x0005,0x0005,0x0005,0x0005,0x0005

	.hword 0x0005,0x0005,0x0005,0x0005,0x0005,0x0005,0x0005,0x0005
	.hword 0x0005,0x0005,0x0005,0x0005,0x0005,0x0005,0x0005,0x0005
	.hword 0x0005,0x0005,0x0005,0x0005,0x0005,0x0005,0x0005,0x0005
	.hword 0x0005,0x0005,0x0005,0x0005,0x0005,0x0005,0x0005,0x0005
	.hword 0x0005,0x0005,0x0005,0x0005,0x0005,0x0005,0x0005,0x0005
	.hword 0x0005,0x0005,0x0005,0x0005,0x0005,0x0005,0x0005,0x0005
	.hword 0x0005,0x0005,0x0005,0x0005,0x0005,0x0005,0x0005,0x0005
	.hword 0x0005,0x0005,0x0005,0x0005,0x0005,0x0005,0x0005,0x0005

	.hword 0x0C04,0x0C04,0x0C04,0x0C04,0x0C04,0x0C04,0x0C04,0x0C04
	.hword 0x0C04,0x0C04,0x0C04,0x0C04,0x0C04,0x0C04,0x0C04,0x0C04
	.hword 0x0C04,0x0C04,0x0C04,0x0C04,0x0C04,0x0C04,0x0C04,0x0C04
	.hword 0x0C04,0x0C04,0x0C04,0x0C04,0x0C04,0x0C04,0x0C04,0x0C04
	.hword 0x0003,0x0003,0x0003,0x0003,0x0003,0x0003,0x0003,0x0003
	.hword 0x0003,0x0003,0x0003,0x0003,0x0003,0x0003,0x0003,0x0003
	.hword 0x0003,0x0003,0x0003,0x0003,0x0003,0x0003,0x0003,0x0003
	.hword 0x0003,0x0003,0x0003,0x0003,0x0003,0x0003,0x0003,0x0003

	.hword 0x0003,0x0003,0x0003,0x0003,0x0003,0x0003,0x0003,0x0003
	.hword 0x0003,0x0003,0x0003,0x0003,0x0003,0x0003,0x0003,0x0003
	.hword 0x0003,0x0003,0x0003,0x0003,0x0003,0x0003,0x0003,0x0003
	.hword 0x0003,0x0003,0x0003,0x0003,0x0003,0x0003,0x0003,0x0003
	.hword 0x0003,0x0003,0x0003,0x0003,0x0003,0x0003,0x0003,0x0003
	.hword 0x0003,0x0003,0x0003,0x0003,0x0003,0x0003,0x0003,0x0003
	.hword 0x0003,0x0003,0x0003,0x0003,0x0003,0x0003,0x0003,0x0003
	.hword 0x0003,0x0003,0x0003,0x0003,0x0003,0x0003,0x0003,0x0003

	.hword 0x0003,0x0003,0x0003,0x0003,0x0003,0x0003,0x0003,0x0003
	.hword 0x0003,0x0003,0x0003,0x0003,0x0003,0x0003,0x0003,0x0003
	.hword 0x0003,0x0003,0x0003,0x0003,0x0003,0x0003,0x0003,0x0003
	.hword 0x0003,0x0003,0x0003,0x0003,0x0003,0x0003,0x0003,0x0003
	.hword 0x0003,0x0003,0x0003,0x0003,0x0003,0x0003,0x0003,0x0003
	.hword 0x0003,0x0003,0x0003,0x0003,0x0003,0x0003,0x0003,0x0003
	.hword 0x0003,0x0003,0x0003,0x0003,0x0003,0x0003,0x0003,0x0003
	.hword 0x0003,0x0003,0x0003,0x0003,0x0003,0x0003,0x0003,0x0003

	.hword 0x0C02,0x0C02,0x0C02,0x0C02,0x0C02,0x0C02,0x0C02,0x0C02
	.hword 0x0C02,0x0C02,0x0C02,0x0C02,0x0C02,0x0C02,0x0C02,0x0C02
	.hword 0x0C02,0x0C02,0x0C02,0x0C02,0x0C02,0x0C02,0x0C02,0x0C02
	.hword 0x0C02,0x0C02,0x0C02,0x0C02,0x0C02,0x0C02,0x0C02,0x0C02
	.hword 0x0002,0x0002,0x0002,0x0002,0x0002,0x0002,0x0002,0x0002
	.hword 0x0002,0x0002,0x0002,0x0002,0x0002,0x0002,0x0002,0x0002
	.hword 0x0002,0x0002,0x0002,0x0002,0x0002,0x0002,0x0002,0x0002
	.hword 0x0002,0x0002,0x0002,0x0002,0x0002,0x0002,0x0002,0x0002

	.hword 0x0003,0x0003,0x0003,0x0003,0x0003,0x0003,0x0003,0x0003
	.hword 0x0003,0x0003,0x0003,0x0003,0x0003,0x0003,0x0003,0x0003
	.hword 0x0003,0x0003,0x0003,0x0003,0x0003,0x0003,0x0003,0x0003
	.hword 0x0003,0x0003,0x0003,0x0003,0x0003,0x0003,0x0003,0x0003
	.hword 0x0C02,0x0C02,0x0C02,0x0C02,0x0C02,0x0C02,0x0C02,0x0C02
	.hword 0x0C02,0x0C02,0x0C02,0x0C02,0x0C02,0x0C02,0x0C02,0x0C02
	.hword 0x0C02,0x0C02,0x0C02,0x0C02,0x0C02,0x0C02,0x0C02,0x0C02
	.hword 0x0C02,0x0C02,0x0C02,0x0C02,0x0C02,0x0C02,0x0C02,0x0C02

	.hword 0x0001,0x0001,0x0001,0x0001,0x0001,0x0001,0x0001,0x0001
	.hword 0x0001,0x0001,0x0001,0x0001,0x0001,0x0001,0x0001,0x0001
	.hword 0x0001,0x0001,0x0001,0x0001,0x0001,0x0001,0x0001,0x0001
	.hword 0x0001,0x0001,0x0001,0x0001,0x0001,0x0001,0x0001,0x0001
	.hword 0x0002,0x0002,0x0002,0x0002,0x0002,0x0002,0x0002,0x0002
	.hword 0x0002,0x0002,0x0002,0x0002,0x0002,0x0002,0x0002,0x0002
	.hword 0x0002,0x0002,0x0002,0x0002,0x0002,0x0002,0x0002,0x0002
	.hword 0x0002,0x0002,0x0002,0x0002,0x0002,0x0002,0x0002,0x0002

	.hword 0x0003,0x0003,0x0003,0x0003,0x0003,0x0003,0x0003,0x0003
	.hword 0x0003,0x0003,0x0003,0x0003,0x0003,0x0003,0x0003,0x0003
	.hword 0x0003,0x0003,0x0003,0x0003,0x0003,0x0003,0x0003,0x0003
	.hword 0x0003,0x0003,0x0003,0x0003,0x0003,0x0003,0x0003,0x0003
	.hword 0x0C02,0x0C02,0x0C02,0x0C02,0x0C02,0x0C02,0x0C02,0x0C02
	.hword 0x0C02,0x0C02,0x0C02,0x0C02,0x0C02,0x0C02,0x0C02,0x0C02
	.hword 0x0C02,0x0C02,0x0C02,0x0C02,0x0C02,0x0C02,0x0C02,0x0C02
	.hword 0x0C02,0x0C02,0x0C02,0x0C02,0x0C02,0x0C02,0x0C02,0x0C02

	.hword 0x0002,0x0002,0x0002,0x0002,0x0002,0x0002,0x0002,0x0002
	.hword 0x0002,0x0002,0x0002,0x0002,0x0002,0x0002,0x0002,0x0002
	.hword 0x0002,0x0002,0x0002,0x0002,0x0002,0x0002,0x0002,0x0002
	.hword 0x0002,0x0002,0x0002,0x0002,0x0002,0x0002,0x0002,0x0002
	.hword 0x0003,0x0003,0x0003,0x0003,0x0003,0x0003,0x0003,0x0003
	.hword 0x0003,0x0003,0x0003,0x0003,0x0003,0x0003,0x0003,0x0003
	.hword 0x0003,0x0003,0x0003,0x0003,0x0003,0x0003,0x0003,0x0003
	.hword 0x0003,0x0003,0x0003,0x0003,0x0003,0x0003,0x0003,0x0003

	.hword 0x0003,0x0003,0x0003,0x0003,0x0003,0x0003,0x0003,0x0003
	.hword 0x0003,0x0003,0x0003,0x0003,0x0003,0x0003,0x0003,0x0003
	.hword 0x0003,0x0003,0x0003,0x0003,0x0003,0x0003,0x0003,0x0003
	.hword 0x0003,0x0003,0x0003,0x0003,0x0003,0x0003,0x0003,0x0003
	.hword 0x0003,0x0003,0x0003,0x0003,0x0003,0x0003,0x0003,0x0003
	.hword 0x0003,0x0003,0x0003,0x0003,0x0003,0x0003,0x0003,0x0003
	.hword 0x0003,0x0003,0x0003,0x0003,0x0003,0x0003,0x0003,0x0003
	.hword 0x0003,0x0003,0x0003,0x0003,0x0003,0x0003,0x0003,0x0003

	.hword 0x0003,0x0003,0x0003,0x0003,0x0003,0x0003,0x0003,0x0003
	.hword 0x0003,0x0003,0x0003,0x0003,0x0003,0x0003,0x0003,0x0003
	.hword 0x0003,0x0003,0x0003,0x0003,0x0003,0x0003,0x0003,0x0003
	.hword 0x0003,0x0003,0x0003,0x0003,0x0003,0x0003,0x0003,0x0003
	.hword 0x0003,0x0003,0x0003,0x0003,0x0003,0x0003,0x0003,0x0003
	.hword 0x0003,0x0003,0x0003,0x0003,0x0003,0x0003,0x0003,0x0003
	.hword 0x0003,0x0003,0x0003,0x0003,0x0003,0x0003,0x0003,0x0003
	.hword 0x0003,0x0003,0x0003,0x0003,0x0003,0x0003,0x0003,0x0003

	.hword 0x0004,0x0004,0x0004,0x0004,0x0004,0x0004,0x0004,0x0004
	.hword 0x0004,0x0004,0x0004,0x0004,0x0004,0x0004,0x0004,0x0004
	.hword 0x0004,0x0004,0x0004,0x0004,0x0004,0x0004,0x0004,0x0004
	.hword 0x0004,0x0004,0x0004,0x0004,0x0004,0x0004,0x0004,0x0004
	.hword 0x0005,0x0005,0x0005,0x0005,0x0005,0x0005,0x0005,0x0005
	.hword 0x0005,0x0005,0x0005,0x0005,0x0005,0x0005,0x0005,0x0005
	.hword 0x0005,0x0005,0x0005,0x0005,0x0005,0x0005,0x0005,0x0005
	.hword 0x0005,0x0005,0x0005,0x0005,0x0005,0x0005,0x0005,0x0005

	.hword 0x0005,0x0005,0x0005,0x0005,0x0005,0x0005,0x0005,0x0005
	.hword 0x0005,0x0005,0x0005,0x0005,0x0005,0x0005,0x0005,0x0005
	.hword 0x0005,0x0005,0x0005,0x0005,0x0005,0x0005,0x0005,0x0005
	.hword 0x0005,0x0005,0x0005,0x0005,0x0005,0x0005,0x0005,0x0005
	.hword 0x0005,0x0005,0x0005,0x0005,0x0005,0x0005,0x0005,0x0005
	.hword 0x0005,0x0005,0x0005,0x0005,0x0005,0x0005,0x0005,0x0005
	.hword 0x0005,0x0005,0x0005,0x0005,0x0005,0x0005,0x0005,0x0005
	.hword 0x0005,0x0005,0x0005,0x0005,0x0005,0x0005,0x0005,0x0005

	.hword 0x0006,0x0006,0x0006,0x0006,0x0006,0x0006,0x0006,0x0006
	.hword 0x0006,0x0006,0x0006,0x0006,0x0006,0x0006,0x0006,0x0006
	.hword 0x0006,0x0006,0x0006,0x0006,0x0006,0x0006,0x0006,0x0006
	.hword 0x0006,0x0006,0x0006,0x0006,0x0006,0x0006,0x0006,0x0006
	.hword 0x0007,0x0007,0x0007,0x0007,0x0007,0x0007,0x0007,0x0007
	.hword 0x0007,0x0007,0x0007,0x0007,0x0007,0x0007,0x0007,0x0007
	.hword 0x0007,0x0007,0x0007,0x0007,0x0007,0x0007,0x0007,0x0007
	.hword 0x0007,0x0007,0x0007,0x0007,0x0007,0x0007,0x0007,0x0007

	.hword 0x0007,0x0007,0x0007,0x0007,0x0007,0x0007,0x0007,0x0007
	.hword 0x0007,0x0007,0x0007,0x0007,0x0007,0x0007,0x0007,0x0007
	.hword 0x0007,0x0007,0x0007,0x0007,0x0007,0x0007,0x0007,0x0007
	.hword 0x0007,0x0007,0x0007,0x0007,0x0007,0x0007,0x0007,0x0007
	.hword 0x0007,0x0007,0x0007,0x0007,0x0007,0x0007,0x0007,0x0007
	.hword 0x0007,0x0007,0x0007,0x0007,0x0007,0x0007,0x0007,0x0007
	.hword 0x0007,0x0007,0x0007,0x0007,0x0007,0x0007,0x0007,0x0007
	.hword 0x0007,0x0007,0x0007,0x0007,0x0007,0x0007,0x0007,0x0007

	.hword 0x0008,0x0008,0x0008,0x0008,0x0008,0x0008,0x0008,0x0008
	.hword 0x0008,0x0008,0x0008,0x0008,0x0008,0x0008,0x0008,0x0008
	.hword 0x0008,0x0008,0x0008,0x0008,0x0008,0x0008,0x0008,0x0008
	.hword 0x0008,0x0008,0x0008,0x0008,0x0008,0x0008,0x0008,0x0008
	.hword 0x0009,0x0009,0x0009,0x0009,0x0009,0x0009,0x0009,0x0009
	.hword 0x0009,0x0009,0x0009,0x0009,0x0009,0x0009,0x0009,0x0009
	.hword 0x0009,0x0009,0x0009,0x0009,0x0009,0x0009,0x0009,0x0009
	.hword 0x0009,0x0009,0x0009,0x0009,0x0009,0x0009,0x0009,0x0009

	.hword 0x0009,0x0009,0x0009,0x0009,0x0009,0x0009,0x0009,0x0009
	.hword 0x0009,0x0009,0x0009,0x0009,0x0009,0x0009,0x0009,0x0009
	.hword 0x0009,0x0009,0x0009,0x0009,0x0009,0x0009,0x0009,0x0009
	.hword 0x0009,0x0009,0x0009,0x0009,0x0009,0x0009,0x0009,0x0009
	.hword 0x0009,0x0009,0x0009,0x0009,0x0009,0x0009,0x0009,0x0009
	.hword 0x0009,0x0009,0x0009,0x0009,0x0009,0x0009,0x0009,0x0009
	.hword 0x0009,0x0009,0x0009,0x0009,0x0009,0x0009,0x0009,0x0009
	.hword 0x0009,0x0009,0x0009,0x0009,0x0009,0x0009,0x0009,0x0009

	.hword 0x000A,0x000A,0x000A,0x000A,0x000A,0x000A,0x000A,0x000A
	.hword 0x000A,0x000A,0x000A,0x000A,0x000A,0x000A,0x000A,0x000A
	.hword 0x000A,0x000A,0x000A,0x000A,0x000A,0x000A,0x000A,0x000A
	.hword 0x000A,0x000A,0x000A,0x000A,0x000A,0x000A,0x000A,0x000A
	.hword 0x000B,0x000B,0x000B,0x000B,0x000B,0x000B,0x000B,0x000B
	.hword 0x000B,0x000B,0x000B,0x000B,0x000B,0x000B,0x000B,0x000B
	.hword 0x000B,0x000B,0x000B,0x000B,0x000B,0x000B,0x000B,0x000B
	.hword 0x000B,0x000B,0x000B,0x000B,0x000B,0x000B,0x000B,0x000B

	.hword 0x000B,0x000B,0x000B,0x000B,0x000B,0x000B,0x000B,0x000B
	.hword 0x000B,0x000B,0x000B,0x000B,0x000B,0x000B,0x000B,0x000B
	.hword 0x000B,0x000B,0x000B,0x000B,0x000B,0x000B,0x000B,0x000B
	.hword 0x000B,0x000B,0x000B,0x000B,0x000B,0x000B,0x000B,0x000B
	.hword 0x000C,0x000C,0x000C,0x000C,0x000C,0x000C,0x000C,0x000C
	.hword 0x000C,0x000C,0x000C,0x000C,0x000C,0x000C,0x000C,0x000C
	.hword 0x000C,0x000C,0x000C,0x000C,0x000C,0x000C,0x000C,0x000C
	.hword 0x000C,0x000C,0x000C,0x000C,0x000C,0x000C,0x000C,0x000C

	.hword 0x000D,0x000D,0x000D,0x000D,0x000D,0x000D,0x000D,0x000D
	.hword 0x000D,0x000D,0x000D,0x000D,0x000D,0x000D,0x000D,0x000D
	.hword 0x000D,0x000D,0x000D,0x000D,0x000D,0x000D,0x000D,0x000D
	.hword 0x000D,0x000D,0x000D,0x000D,0x000D,0x000D,0x000D,0x000D
	.hword 0x0C0C,0x0C0C,0x0C0C,0x0C0C,0x0C0C,0x0C0C,0x0C0C,0x0C0C
	.hword 0x0C0C,0x0C0C,0x0C0C,0x0C0C,0x0C0C,0x0C0C,0x0C0C,0x0C0C
	.hword 0x0C0C,0x0C0C,0x0C0C,0x0C0C,0x0C0C,0x0C0C,0x0C0C,0x0C0C
	.hword 0x0C0C,0x0C0C,0x0C0C,0x0C0C,0x0C0C,0x0C0C,0x0C0C,0x0C0C

	.hword 0x000C,0x000C,0x000C,0x000C,0x000C,0x000C,0x000C,0x000C
	.hword 0x000C,0x000C,0x000C,0x000C,0x000C,0x000C,0x000C,0x000C
	.hword 0x000C,0x000C,0x000C,0x000C,0x000C,0x000C,0x000C,0x000C
	.hword 0x000C,0x000C,0x000C,0x000C,0x000C,0x000C,0x000C,0x000C
	.hword 0x000D,0x000D,0x000D,0x000D,0x000D,0x000D,0x000D,0x000D
	.hword 0x000D,0x000D,0x000D,0x000D,0x000D,0x000D,0x000D,0x000D
	.hword 0x000D,0x000D,0x000D,0x000D,0x000D,0x000D,0x000D,0x000D
	.hword 0x000D,0x000D,0x000D,0x000D,0x000D,0x000D,0x000D,0x000D

	.hword 0x000D,0x000D,0x000D,0x000D,0x000D,0x000D,0x000D,0x000D
	.hword 0x000D,0x000D,0x000D,0x000D,0x000D,0x000D,0x000D,0x000D
	.hword 0x000D,0x000D,0x000D,0x000D,0x000D,0x000D,0x000D,0x000D
	.hword 0x000D,0x000D,0x000D,0x000D,0x000D,0x000D,0x000D,0x000D
	.hword 0x000D,0x000D,0x000D,0x000D,0x000D,0x000D,0x000D,0x000D
	.hword 0x000D,0x000D,0x000D,0x000D,0x000D,0x000D,0x000D,0x000D
	.hword 0x000D,0x000D,0x000D,0x000D,0x000D,0x000D,0x000D,0x000D
	.hword 0x000D,0x000D,0x000D,0x000D,0x000D,0x000D,0x000D,0x000D

	.hword 0x0001,0x0001,0x0001,0x0001,0x0001,0x0001,0x0001,0x0001
	.hword 0x0001,0x0001,0x0001,0x0001,0x0001,0x0001,0x0001,0x0001
	.hword 0x0001,0x0001,0x0001,0x0001,0x0001,0x0001,0x0001,0x0001
	.hword 0x0001,0x0001,0x0001,0x0001,0x0001,0x0001,0x0001,0x0001
	.hword 0x0002,0x0002,0x0002,0x0002,0x0002,0x0002,0x0002,0x0002
	.hword 0x0002,0x0002,0x0002,0x0002,0x0002,0x0002,0x0002,0x0002
	.hword 0x0002,0x0002,0x0002,0x0002,0x0002,0x0002,0x0002,0x0002
	.hword 0x0002,0x0002,0x0002,0x0002,0x0002,0x0002,0x0002,0x0002

	.hword 0x0003,0x0003,0x0003,0x0003,0x0003,0x0003,0x0003,0x0003
	.hword 0x0003,0x0003,0x0003,0x0003,0x0003,0x0003,0x0003,0x0003
	.hword 0x0003,0x0003,0x0003,0x0003,0x0003,0x0003,0x0003,0x0003
	.hword 0x0003,0x0003,0x0003,0x0003,0x0003,0x0003,0x0003,0x0003
	.hword 0x0C02,0x0C02,0x0C02,0x0C02,0x0C02,0x0C02,0x0C02,0x0C02
	.hword 0x0C02,0x0C02,0x0C02,0x0C02,0x0C02,0x0C02,0x0C02,0x0C02
	.hword 0x0C02,0x0C02,0x0C02,0x0C02,0x0C02,0x0C02,0x0C02,0x0C02
	.hword 0x0C02,0x0C02,0x0C02,0x0C02,0x0C02,0x0C02,0x0C02,0x0C02

	.hword 0x0002,0x0002,0x0002,0x0002,0x0002,0x0002,0x0002,0x0002
	.hword 0x0002,0x0002,0x0002,0x0002,0x0002,0x0002,0x0002,0x0002
	.hword 0x0002,0x0002,0x0002,0x0002,0x0002,0x0002,0x0002,0x0002
	.hword 0x0002,0x0002,0x0002,0x0002,0x0002,0x0002,0x0002,0x0002
	.hword 0x0003,0x0003,0x0003,0x0003,0x0003,0x0003,0x0003,0x0003
	.hword 0x0003,0x0003,0x0003,0x0003,0x0003,0x0003,0x0003,0x0003
	.hword 0x0003,0x0003,0x0003,0x0003,0x0003,0x0003,0x0003,0x0003
	.hword 0x0003,0x0003,0x0003,0x0003,0x0003,0x0003,0x0003,0x0003

	.hword 0x0003,0x0003,0x0003,0x0003,0x0003,0x0003,0x0003,0x0003
	.hword 0x0003,0x0003,0x0003,0x0003,0x0003,0x0003,0x0003,0x0003
	.hword 0x0003,0x0003,0x0003,0x0003,0x0003,0x0003,0x0003,0x0003
	.hword 0x0003,0x0003,0x0003,0x0003,0x0003,0x0003,0x0003,0x0003
	.hword 0x0003,0x0003,0x0003,0x0003,0x0003,0x0003,0x0003,0x0003
	.hword 0x0003,0x0003,0x0003,0x0003,0x0003,0x0003,0x0003,0x0003
	.hword 0x0003,0x0003,0x0003,0x0003,0x0003,0x0003,0x0003,0x0003
	.hword 0x0003,0x0003,0x0003,0x0003,0x0003,0x0003,0x0003,0x0003

	.hword 0x0003,0x0003,0x0003,0x0003,0x0003,0x0003,0x0003,0x0003
	.hword 0x0003,0x0003,0x0003,0x0003,0x0003,0x0003,0x0003,0x0003
	.hword 0x0003,0x0003,0x0003,0x0003,0x0003,0x0003,0x0003,0x0003
	.hword 0x0003,0x0003,0x0003,0x0003,0x0003,0x0003,0x0003,0x0003
	.hword 0x0003,0x0003,0x0003,0x0003,0x0003,0x0003,0x0003,0x0003
	.hword 0x0003,0x0003,0x0003,0x0003,0x0003,0x0003,0x0003,0x0003
	.hword 0x0003,0x0003,0x0003,0x0003,0x0003,0x0003,0x0003,0x0003
	.hword 0x0003,0x0003,0x0003,0x0003,0x0003,0x0003,0x0003,0x0003

	.hword 0x0004,0x0004,0x0004,0x0004,0x0004,0x0004,0x0004,0x0004
	.hword 0x0004,0x0004,0x0004,0x0004,0x0004,0x0004,0x0004,0x0004
	.hword 0x0004,0x0004,0x0004,0x0004,0x0004,0x0004,0x0004,0x0004
	.hword 0x0004,0x0004,0x0004,0x0004,0x0004,0x0004,0x0004,0x0004
	.hword 0x0005,0x0005,0x0005,0x0005,0x0005,0x0005,0x0005,0x0005
	.hword 0x0005,0x0005,0x0005,0x0005,0x0005,0x0005,0x0005,0x0005
	.hword 0x0005,0x0005,0x0005,0x0005,0x0005,0x0005,0x0005,0x0005
	.hword 0x0005,0x0005,0x0005,0x0005,0x0005,0x0005,0x0005,0x0005

	.hword 0x0005,0x0005,0x0005,0x0005,0x0005,0x0005,0x0005,0x0005
	.hword 0x0005,0x0005,0x0005,0x0005,0x0005,0x0005,0x0005,0x0005
	.hword 0x0005,0x0005,0x0005,0x0005,0x0005,0x0005,0x0005,0x0005
	.hword 0x0005,0x0005,0x0005,0x0005,0x0005,0x0005,0x0005,0x0005
	.hword 0x0005,0x0005,0x0005,0x0005,0x0005,0x0005,0x0005,0x0005
	.hword 0x0005,0x0005,0x0005,0x0005,0x0005,0x0005,0x0005,0x0005
	.hword 0x0005,0x0005,0x0005,0x0005,0x0005,0x0005,0x0005,0x0005
	.hword 0x0005,0x0005,0x0005,0x0005,0x0005,0x0005,0x0005,0x0005

	.hword 0x0006,0x0006,0x0006,0x0006,0x0006,0x0006,0x0006,0x0006
	.hword 0x0006,0x0006,0x0006,0x0006,0x0006,0x0006,0x0006,0x0006
	.hword 0x0006,0x0006,0x0006,0x0006,0x0006,0x0006,0x0006,0x0006
	.hword 0x0006,0x0006,0x0006,0x0006,0x0006,0x0006,0x0006,0x0006
	.hword 0x0007,0x0007,0x0007,0x0007,0x0007,0x0007,0x0007,0x0007
	.hword 0x0007,0x0007,0x0007,0x0007,0x0007,0x0007,0x0007,0x0007
	.hword 0x0007,0x0007,0x0007,0x0007,0x0007,0x0007,0x0007,0x0007
	.hword 0x0007,0x0007,0x0007,0x0007,0x0007,0x0007,0x0007,0x0007

	.hword 0x0007,0x0007,0x0007,0x0007,0x0007,0x0007,0x0007,0x0007
	.hword 0x0007,0x0007,0x0007,0x0007,0x0007,0x0007,0x0007,0x0007
	.hword 0x0007,0x0007,0x0007,0x0007,0x0007,0x0007,0x0007,0x0007
	.hword 0x0007,0x0007,0x0007,0x0007,0x0007,0x0007,0x0007,0x0007
	.hword 0x0007,0x0007,0x0007,0x0007,0x0007,0x0007,0x0007,0x0007
	.hword 0x0007,0x0007,0x0007,0x0007,0x0007,0x0007,0x0007,0x0007
	.hword 0x0007,0x0007,0x0007,0x0007,0x0007,0x0007,0x0007,0x0007
	.hword 0x0007,0x0007,0x0007,0x0007,0x0007,0x0007,0x0007,0x0007

	.hword 0x0008,0x0008,0x0008,0x0008,0x0008,0x0008,0x0008,0x0008
	.hword 0x0008,0x0008,0x0008,0x0008,0x0008,0x0008,0x0008,0x0008
	.hword 0x0008,0x0008,0x0008,0x0008,0x0008,0x0008,0x0008,0x0008
	.hword 0x0008,0x0008,0x0008,0x0008,0x0008,0x0008,0x0008,0x0008
	.hword 0x0009,0x0009,0x0009,0x0009,0x0009,0x0009,0x0009,0x0009
	.hword 0x0009,0x0009,0x0009,0x0009,0x0009,0x0009,0x0009,0x0009
	.hword 0x0009,0x0009,0x0009,0x0009,0x0009,0x0009,0x0009,0x0009
	.hword 0x0009,0x0009,0x0009,0x0009,0x0009,0x0009,0x0009,0x0009

	.hword 0x0009,0x0009,0x0009,0x0009,0x0009,0x0009,0x0009,0x0009
	.hword 0x0009,0x0009,0x0009,0x0009,0x0009,0x0009,0x0009,0x0009
	.hword 0x0009,0x0009,0x0009,0x0009,0x0009,0x0009,0x0009,0x0009
	.hword 0x0009,0x0009,0x0009,0x0009,0x0009,0x0009,0x0009,0x0009
	.hword 0x0009,0x0009,0x0009,0x0009,0x0009,0x0009,0x0009,0x0009
	.hword 0x0009,0x0009,0x0009,0x0009,0x0009,0x0009,0x0009,0x0009
	.hword 0x0009,0x0009,0x0009,0x0009,0x0009,0x0009,0x0009,0x0009
	.hword 0x0009,0x0009,0x0009,0x0009,0x0009,0x0009,0x0009,0x0009

	.hword 0x000A,0x000A,0x000A,0x000A,0x000A,0x000A,0x000A,0x000A
	.hword 0x000A,0x000A,0x000A,0x000A,0x000A,0x000A,0x000A,0x000A
	.hword 0x000A,0x000A,0x000A,0x000A,0x000A,0x000A,0x000A,0x000A
	.hword 0x000A,0x000A,0x000A,0x000A,0x000A,0x000A,0x000A,0x000A
	.hword 0x000B,0x000B,0x000B,0x000B,0x000B,0x000B,0x000B,0x000B
	.hword 0x000B,0x000B,0x000B,0x000B,0x000B,0x000B,0x000B,0x000B
	.hword 0x000B,0x000B,0x000B,0x000B,0x000B,0x000B,0x000B,0x000B
	.hword 0x000B,0x000B,0x000B,0x000B,0x000B,0x000B,0x000B,0x000B

	.hword 0x000B,0x000B,0x000B,0x000B,0x000B,0x000B,0x000B,0x000B
	.hword 0x000B,0x000B,0x000B,0x000B,0x000B,0x000B,0x000B,0x000B
	.hword 0x000B,0x000B,0x000B,0x000B,0x000B,0x000B,0x000B,0x000B
	.hword 0x000B,0x000B,0x000B,0x000B,0x000B,0x000B,0x000B,0x000B
	.hword 0x000C,0x000C,0x000C,0x000C,0x000C,0x000C,0x000C,0x000C
	.hword 0x000C,0x000C,0x000C,0x000C,0x000C,0x000C,0x000C,0x000C
	.hword 0x000C,0x000C,0x000C,0x000C,0x000C,0x000C,0x000C,0x000C
	.hword 0x000C,0x000C,0x000C,0x000C,0x000C,0x000C,0x000C,0x000C

	.hword 0x000D,0x000D,0x000D,0x000D,0x000D,0x000D,0x000D,0x000D
	.hword 0x000D,0x000D,0x000D,0x000D,0x000D,0x000D,0x000D,0x000D
	.hword 0x000D,0x000D,0x000D,0x000D,0x000D,0x000D,0x000D,0x000D
	.hword 0x000D,0x000D,0x000D,0x000D,0x000D,0x000D,0x000D,0x000D
	.hword 0x0C0C,0x0C0C,0x0C0C,0x0C0C,0x0C0C,0x0C0C,0x0C0C,0x0C0C
	.hword 0x0C0C,0x0C0C,0x0C0C,0x0C0C,0x0C0C,0x0C0C,0x0C0C,0x0C0C
	.hword 0x0C0C,0x0C0C,0x0C0C,0x0C0C,0x0C0C,0x0C0C,0x0C0C,0x0C0C
	.hword 0x0C0C,0x0C0C,0x0C0C,0x0C0C,0x0C0C,0x0C0C,0x0C0C,0x0C0C

	.hword 0x000C,0x000C,0x000C,0x000C,0x000C,0x000C,0x000C,0x000C
	.hword 0x000C,0x000C,0x000C,0x000C,0x000C,0x000C,0x000C,0x000C
	.hword 0x000C,0x000C,0x000C,0x000C,0x000C,0x000C,0x000C,0x000C
	.hword 0x000C,0x000C,0x000C,0x000C,0x000C,0x000C,0x000C,0x000C
	.hword 0x000D,0x000D,0x000D,0x000D,0x000D,0x000D,0x000D,0x000D
	.hword 0x000D,0x000D,0x000D,0x000D,0x000D,0x000D,0x000D,0x000D
	.hword 0x000D,0x000D,0x000D,0x000D,0x000D,0x000D,0x000D,0x000D
	.hword 0x000D,0x000D,0x000D,0x000D,0x000D,0x000D,0x000D,0x000D

	.hword 0x000D,0x000D,0x000D,0x000D,0x000D,0x000D,0x000D,0x000D
	.hword 0x000D,0x000D,0x000D,0x000D,0x000D,0x000D,0x000D,0x000D
	.hword 0x000D,0x000D,0x000D,0x000D,0x000D,0x000D,0x000D,0x000D
	.hword 0x000D,0x000D,0x000D,0x000D,0x000D,0x000D,0x000D,0x000D
	.hword 0x000D,0x000D,0x000D,0x000D,0x000D,0x000D,0x000D,0x000D
	.hword 0x000D,0x000D,0x000D,0x000D,0x000D,0x000D,0x000D,0x000D
	.hword 0x000D,0x000D,0x000D,0x000D,0x000D,0x000D,0x000D,0x000D
	.hword 0x000D,0x000D,0x000D,0x000D,0x000D,0x000D,0x000D,0x000D

	.hword 0x000D,0x000D,0x000D,0x000D,0x000D,0x000D,0x000D,0x000D
	.hword 0x000D,0x000D,0x000D,0x000D,0x000D,0x000D,0x000D,0x000D
	.hword 0x000D,0x000D,0x000D,0x000D,0x000D,0x000D,0x000D,0x000D
	.hword 0x000D,0x000D,0x000D,0x000D,0x000D,0x000D,0x000D,0x000D
	.hword 0x000D,0x000D,0x000D,0x000D,0x000D,0x000D,0x000D,0x000D
	.hword 0x000D,0x000D,0x000D,0x000D,0x000D,0x000D,0x000D,0x000D
	.hword 0x000D,0x000D,0x000D,0x000D,0x000D,0x000D,0x000D,0x000D
	.hword 0x000D,0x000D,0x000D,0x000D,0x000D,0x000D,0x000D,0x000D

	.hword 0x000D,0x000D,0x000D,0x000D,0x000D,0x000D,0x000D,0x000D
	.hword 0x000D,0x000D,0x000D,0x000D,0x000D,0x000D,0x000D,0x000D
	.hword 0x000D,0x000D,0x000D,0x000D,0x000D,0x000D,0x000D,0x000D
	.hword 0x000D,0x000D,0x000D,0x000D,0x000D,0x000D,0x000D,0x000D
	.hword 0x0C0C,0x0C0C,0x0C0C,0x0C0C,0x0C0C,0x0C0C,0x0C0C,0x0C0C
	.hword 0x0C0C,0x0C0C,0x0C0C,0x0C0C,0x0C0C,0x0C0C,0x0C0C,0x0C0C
	.hword 0x0C0C,0x0C0C,0x0C0C,0x0C0C,0x0C0C,0x0C0C,0x0C0C,0x0C0C
	.hword 0x0C0C,0x0C0C,0x0C0C,0x0C0C,0x0C0C,0x0C0C,0x0C0C,0x0C0C

	.hword 0x000C,0x000C,0x000C,0x000C,0x000C,0x000C,0x000C,0x000C
	.hword 0x000C,0x000C,0x000C,0x000C,0x000C,0x000C,0x000C,0x000C
	.hword 0x000C,0x000C,0x000C,0x000C,0x000C,0x000C,0x000C,0x000C
	.hword 0x000C,0x000C,0x000C,0x000C,0x000C,0x000C,0x000C,0x000C
	.hword 0x000D,0x000D,0x000D,0x000D,0x000D,0x000D,0x000D,0x000D
	.hword 0x000D,0x000D,0x000D,0x000D,0x000D,0x000D,0x000D,0x000D
	.hword 0x000D,0x000D,0x000D,0x000D,0x000D,0x000D,0x000D,0x000D
	.hword 0x000D,0x000D,0x000D,0x000D,0x000D,0x000D,0x000D,0x000D

	.hword 0x0C0C,0x0C0C,0x0C0C,0x0C0C,0x0C0C,0x0C0C,0x0C0C,0x0C0C
	.hword 0x0C0C,0x0C0C,0x0C0C,0x0C0C,0x0C0C,0x0C0C,0x0C0C,0x0C0C
	.hword 0x0C0C,0x0C0C,0x0C0C,0x0C0C,0x0C0C,0x0C0C,0x0C0C,0x0C0C
	.hword 0x0C0C,0x0C0C,0x0C0C,0x0C0C,0x0C0C,0x0C0C,0x0C0C,0x0C0C
	.hword 0x000B,0x000B,0x000B,0x000B,0x000B,0x000B,0x000B,0x000B
	.hword 0x000B,0x000B,0x000B,0x000B,0x000B,0x000B,0x000B,0x000B
	.hword 0x000B,0x000B,0x000B,0x000B,0x000B,0x000B,0x000B,0x000B
	.hword 0x000B,0x000B,0x000B,0x000B,0x000B,0x000B,0x000B,0x000B

	.hword 0x000B,0x000B,0x000B,0x000B,0x000B,0x000B,0x000B,0x000B
	.hword 0x000B,0x000B,0x000B,0x000B,0x000B,0x000B,0x000B,0x000B
	.hword 0x000B,0x000B,0x000B,0x000B,0x000B,0x000B,0x000B,0x000B
	.hword 0x000B,0x000B,0x000B,0x000B,0x000B,0x000B,0x000B,0x000B
	.hword 0x0C0A,0x0C0A,0x0C0A,0x0C0A,0x0C0A,0x0C0A,0x0C0A,0x0C0A
	.hword 0x0C0A,0x0C0A,0x0C0A,0x0C0A,0x0C0A,0x0C0A,0x0C0A,0x0C0A
	.hword 0x0C0A,0x0C0A,0x0C0A,0x0C0A,0x0C0A,0x0C0A,0x0C0A,0x0C0A
	.hword 0x0C0A,0x0C0A,0x0C0A,0x0C0A,0x0C0A,0x0C0A,0x0C0A,0x0C0A

	.hword 0x0009,0x0009,0x0009,0x0009,0x0009,0x0009,0x0009,0x0009
	.hword 0x0009,0x0009,0x0009,0x0009,0x0009,0x0009,0x0009,0x0009
	.hword 0x0009,0x0009,0x0009,0x0009,0x0009,0x0009,0x0009,0x0009
	.hword 0x0009,0x0009,0x0009,0x0009,0x0009,0x0009,0x0009,0x0009
	.hword 0x0009,0x0009,0x0009,0x0009,0x0009,0x0009,0x0009,0x0009
	.hword 0x0009,0x0009,0x0009,0x0009,0x0009,0x0009,0x0009,0x0009
	.hword 0x0009,0x0009,0x0009,0x0009,0x0009,0x0009,0x0009,0x0009
	.hword 0x0009,0x0009,0x0009,0x0009,0x0009,0x0009,0x0009,0x0009

	.hword 0x0009,0x0009,0x0009,0x0009,0x0009,0x0009,0x0009,0x0009
	.hword 0x0009,0x0009,0x0009,0x0009,0x0009,0x0009,0x0009,0x0009
	.hword 0x0009,0x0009,0x0009,0x0009,0x0009,0x0009,0x0009,0x0009
	.hword 0x0009,0x0009,0x0009,0x0009,0x0009,0x0009,0x0009,0x0009
	.hword 0x0009,0x0009,0x0009,0x0009,0x0009,0x0009,0x0009,0x0009
	.hword 0x0009,0x0009,0x0009,0x0009,0x0009,0x0009,0x0009,0x0009
	.hword 0x0009,0x0009,0x0009,0x0009,0x0009,0x0009,0x0009,0x0009
	.hword 0x0009,0x0009,0x0009,0x0009,0x0009,0x0009,0x0009,0x0009

	.hword 0x0C08,0x0C08,0x0C08,0x0C08,0x0C08,0x0C08,0x0C08,0x0C08
	.hword 0x0C08,0x0C08,0x0C08,0x0C08,0x0C08,0x0C08,0x0C08,0x0C08
	.hword 0x0C08,0x0C08,0x0C08,0x0C08,0x0C08,0x0C08,0x0C08,0x0C08
	.hword 0x0C08,0x0C08,0x0C08,0x0C08,0x0C08,0x0C08,0x0C08,0x0C08
	.hword 0x0007,0x0007,0x0007,0x0007,0x0007,0x0007,0x0007,0x0007
	.hword 0x0007,0x0007,0x0007,0x0007,0x0007,0x0007,0x0007,0x0007
	.hword 0x0007,0x0007,0x0007,0x0007,0x0007,0x0007,0x0007,0x0007
	.hword 0x0007,0x0007,0x0007,0x0007,0x0007,0x0007,0x0007,0x0007

	.hword 0x0007,0x0007,0x0007,0x0007,0x0007,0x0007,0x0007,0x0007
	.hword 0x0007,0x0007,0x0007,0x0007,0x0007,0x0007,0x0007,0x0007
	.hword 0x0007,0x0007,0x0007,0x0007,0x0007,0x0007,0x0007,0x0007
	.hword 0x0007,0x0007,0x0007,0x0007,0x0007,0x0007,0x0007,0x0007
	.hword 0x0007,0x0007,0x0007,0x0007,0x0007,0x0007,0x0007,0x0007
	.hword 0x0007,0x0007,0x0007,0x0007,0x0007,0x0007,0x0007,0x0007
	.hword 0x0007,0x0007,0x0007,0x0007,0x0007,0x0007,0x0007,0x0007
	.hword 0x0007,0x0007,0x0007,0x0007,0x0007,0x0007,0x0007,0x0007

	.hword 0x0C06,0x0C06,0x0C06,0x0C06,0x0C06,0x0C06,0x0C06,0x0C06
	.hword 0x0C06,0x0C06,0x0C06,0x0C06,0x0C06,0x0C06,0x0C06,0x0C06
	.hword 0x0C06,0x0C06,0x0C06,0x0C06,0x0C06,0x0C06,0x0C06,0x0C06
	.hword 0x0C06,0x0C06,0x0C06,0x0C06,0x0C06,0x0C06,0x0C06,0x0C06
	.hword 0x0005,0x0005,0x0005,0x0005,0x0005,0x0005,0x0005,0x0005
	.hword 0x0005,0x0005,0x0005,0x0005,0x0005,0x0005,0x0005,0x0005
	.hword 0x0005,0x0005,0x0005,0x0005,0x0005,0x0005,0x0005,0x0005
	.hword 0x0005,0x0005,0x0005,0x0005,0x0005,0x0005,0x0005,0x0005

	.hword 0x0005,0x0005,0x0005,0x0005,0x0005,0x0005,0x0005,0x0005
	.hword 0x0005,0x0005,0x0005,0x0005,0x0005,0x0005,0x0005,0x0005
	.hword 0x0005,0x0005,0x0005,0x0005,0x0005,0x0005,0x0005,0x0005
	.hword 0x0005,0x0005,0x0005,0x0005,0x0005,0x0005,0x0005,0x0005
	.hword 0x0005,0x0005,0x0005,0x0005,0x0005,0x0005,0x0005,0x0005
	.hword 0x0005,0x0005,0x0005,0x0005,0x0005,0x0005,0x0005,0x0005
	.hword 0x0005,0x0005,0x0005,0x0005,0x0005,0x0005,0x0005,0x0005
	.hword 0x0005,0x0005,0x0005,0x0005,0x0005,0x0005,0x0005,0x0005

	.hword 0x0C04,0x0C04,0x0C04,0x0C04,0x0C04,0x0C04,0x0C04,0x0C04
	.hword 0x0C04,0x0C04,0x0C04,0x0C04,0x0C04,0x0C04,0x0C04,0x0C04
	.hword 0x0C04,0x0C04,0x0C04,0x0C04,0x0C04,0x0C04,0x0C04,0x0C04
	.hword 0x0C04,0x0C04,0x0C04,0x0C04,0x0C04,0x0C04,0x0C04,0x0C04
	.hword 0x0003,0x0003,0x0003,0x0003,0x0003,0x0003,0x0003,0x0003
	.hword 0x0003,0x0003,0x0003,0x0003,0x0003,0x0003,0x0003,0x0003
	.hword 0x0003,0x0003,0x0003,0x0003,0x0003,0x0003,0x0003,0x0003
	.hword 0x0003,0x0003,0x0003,0x0003,0x0003,0x0003,0x0003,0x0003

	.hword 0x0003,0x0003,0x0003,0x0003,0x0003,0x0003,0x0003,0x0003
	.hword 0x0003,0x0003,0x0003,0x0003,0x0003,0x0003,0x0003,0x0003
	.hword 0x0003,0x0003,0x0003,0x0003,0x0003,0x0003,0x0003,0x0003
	.hword 0x0003,0x0003,0x0003,0x0003,0x0003,0x0003,0x0003,0x0003
	.hword 0x0003,0x0003,0x0003,0x0003,0x0003,0x0003,0x0003,0x0003
	.hword 0x0003,0x0003,0x0003,0x0003,0x0003,0x0003,0x0003,0x0003
	.hword 0x0003,0x0003,0x0003,0x0003,0x0003,0x0003,0x0003,0x0003
	.hword 0x0003,0x0003,0x0003,0x0003,0x0003,0x0003,0x0003,0x0003

	.hword 0x0003,0x0003,0x0003,0x0003,0x0003,0x0003,0x0003,0x0003
	.hword 0x0003,0x0003,0x0003,0x0003,0x0003,0x0003,0x0003,0x0003
	.hword 0x0003,0x0003,0x0003,0x0003,0x0003,0x0003,0x0003,0x0003
	.hword 0x0003,0x0003,0x0003,0x0003,0x0003,0x0003,0x0003,0x0003
	.hword 0x0003,0x0003,0x0003,0x0003,0x0003,0x0003,0x0003,0x0003
	.hword 0x0003,0x0003,0x0003,0x0003,0x0003,0x0003,0x0003,0x0003
	.hword 0x0003,0x0003,0x0003,0x0003,0x0003,0x0003,0x0003,0x0003
	.hword 0x0003,0x0003,0x0003,0x0003,0x0003,0x0003,0x0003,0x0003

	.hword 0x0C02,0x0C02,0x0C02,0x0C02,0x0C02,0x0C02,0x0C02,0x0C02
	.hword 0x0C02,0x0C02,0x0C02,0x0C02,0x0C02,0x0C02,0x0C02,0x0C02
	.hword 0x0C02,0x0C02,0x0C02,0x0C02,0x0C02,0x0C02,0x0C02,0x0C02
	.hword 0x0C02,0x0C02,0x0C02,0x0C02,0x0C02,0x0C02,0x0C02,0x0C02
	.hword 0x0002,0x0002,0x0002,0x0002,0x0002,0x0002,0x0002,0x0002
	.hword 0x0002,0x0002,0x0002,0x0002,0x0002,0x0002,0x0002,0x0002
	.hword 0x0002,0x0002,0x0002,0x0002,0x0002,0x0002,0x0002,0x0002
	.hword 0x0002,0x0002,0x0002,0x0002,0x0002,0x0002,0x0002,0x0002

	.hword 0x0003,0x0003,0x0003,0x0003,0x0003,0x0003,0x0003,0x0003
	.hword 0x0003,0x0003,0x0003,0x0003,0x0003,0x0003,0x0003,0x0003
	.hword 0x0003,0x0003,0x0003,0x0003,0x0003,0x0003,0x0003,0x0003
	.hword 0x0003,0x0003,0x0003,0x0003,0x0003,0x0003,0x0003,0x0003
	.hword 0x0C02,0x0C02,0x0C02,0x0C02,0x0C02,0x0C02,0x0C02,0x0C02
	.hword 0x0C02,0x0C02,0x0C02,0x0C02,0x0C02,0x0C02,0x0C02,0x0C02
	.hword 0x0C02,0x0C02,0x0C02,0x0C02,0x0C02,0x0C02,0x0C02,0x0C02
	.hword 0x0C02,0x0C02,0x0C02,0x0C02,0x0C02,0x0C02,0x0C02,0x0C02

	.hword 0x000D,0x000D,0x000D,0x000D,0x000D,0x000D,0x000D,0x000D
	.hword 0x000D,0x000D,0x000D,0x000D,0x000D,0x000D,0x000D,0x000D
	.hword 0x000D,0x000D,0x000D,0x000D,0x000D,0x000D,0x000D,0x000D
	.hword 0x000D,0x000D,0x000D,0x000D,0x000D,0x000D,0x000D,0x000D
	.hword 0x000D,0x000D,0x000D,0x000D,0x000D,0x000D,0x000D,0x000D
	.hword 0x000D,0x000D,0x000D,0x000D,0x000D,0x000D,0x000D,0x000D
	.hword 0x000D,0x000D,0x000D,0x000D,0x000D,0x000D,0x000D,0x000D
	.hword 0x000D,0x000D,0x000D,0x000D,0x000D,0x000D,0x000D,0x000D

	.hword 0x000D,0x000D,0x000D,0x000D,0x000D,0x000D,0x000D,0x000D
	.hword 0x000D,0x000D,0x000D,0x000D,0x000D,0x000D,0x000D,0x000D
	.hword 0x000D,0x000D,0x000D,0x000D,0x000D,0x000D,0x000D,0x000D
	.hword 0x000D,0x000D,0x000D,0x000D,0x000D,0x000D,0x000D,0x000D
	.hword 0x0C0C,0x0C0C,0x0C0C,0x0C0C,0x0C0C,0x0C0C,0x0C0C,0x0C0C
	.hword 0x0C0C,0x0C0C,0x0C0C,0x0C0C,0x0C0C,0x0C0C,0x0C0C,0x0C0C
	.hword 0x0C0C,0x0C0C,0x0C0C,0x0C0C,0x0C0C,0x0C0C,0x0C0C,0x0C0C
	.hword 0x0C0C,0x0C0C,0x0C0C,0x0C0C,0x0C0C,0x0C0C,0x0C0C,0x0C0C

	.hword 0x000C,0x000C,0x000C,0x000C,0x000C,0x000C,0x000C,0x000C
	.hword 0x000C,0x000C,0x000C,0x000C,0x000C,0x000C,0x000C,0x000C
	.hword 0x000C,0x000C,0x000C,0x000C,0x000C,0x000C,0x000C,0x000C
	.hword 0x000C,0x000C,0x000C,0x000C,0x000C,0x000C,0x000C,0x000C
	.hword 0x000D,0x000D,0x000D,0x000D,0x000D,0x000D,0x000D,0x000D
	.hword 0x000D,0x000D,0x000D,0x000D,0x000D,0x000D,0x000D,0x000D
	.hword 0x000D,0x000D,0x000D,0x000D,0x000D,0x000D,0x000D,0x000D
	.hword 0x000D,0x000D,0x000D,0x000D,0x000D,0x000D,0x000D,0x000D

	.hword 0x0C0C,0x0C0C,0x0C0C,0x0C0C,0x0C0C,0x0C0C,0x0C0C,0x0C0C
	.hword 0x0C0C,0x0C0C,0x0C0C,0x0C0C,0x0C0C,0x0C0C,0x0C0C,0x0C0C
	.hword 0x0C0C,0x0C0C,0x0C0C,0x0C0C,0x0C0C,0x0C0C,0x0C0C,0x0C0C
	.hword 0x0C0C,0x0C0C,0x0C0C,0x0C0C,0x0C0C,0x0C0C,0x0C0C,0x0C0C
	.hword 0x000B,0x000B,0x000B,0x000B,0x000B,0x000B,0x000B,0x000B
	.hword 0x000B,0x000B,0x000B,0x000B,0x000B,0x000B,0x000B,0x000B
	.hword 0x000B,0x000B,0x000B,0x000B,0x000B,0x000B,0x000B,0x000B
	.hword 0x000B,0x000B,0x000B,0x000B,0x000B,0x000B,0x000B,0x000B

	.hword 0x000B,0x000B,0x000B,0x000B,0x000B,0x000B,0x000B,0x000B
	.hword 0x000B,0x000B,0x000B,0x000B,0x000B,0x000B,0x000B,0x000B
	.hword 0x000B,0x000B,0x000B,0x000B,0x000B,0x000B,0x000B,0x000B
	.hword 0x000B,0x000B,0x000B,0x000B,0x000B,0x000B,0x000B,0x000B
	.hword 0x0C0A,0x0C0A,0x0C0A,0x0C0A,0x0C0A,0x0C0A,0x0C0A,0x0C0A
	.hword 0x0C0A,0x0C0A,0x0C0A,0x0C0A,0x0C0A,0x0C0A,0x0C0A,0x0C0A
	.hword 0x0C0A,0x0C0A,0x0C0A,0x0C0A,0x0C0A,0x0C0A,0x0C0A,0x0C0A
	.hword 0x0C0A,0x0C0A,0x0C0A,0x0C0A,0x0C0A,0x0C0A,0x0C0A,0x0C0A

	.hword 0x0009,0x0009,0x0009,0x0009,0x0009,0x0009,0x0009,0x0009
	.hword 0x0009,0x0009,0x0009,0x0009,0x0009,0x0009,0x0009,0x0009
	.hword 0x0009,0x0009,0x0009,0x0009,0x0009,0x0009,0x0009,0x0009
	.hword 0x0009,0x0009,0x0009,0x0009,0x0009,0x0009,0x0009,0x0009
	.hword 0x0009,0x0009,0x0009,0x0009,0x0009,0x0009,0x0009,0x0009
	.hword 0x0009,0x0009,0x0009,0x0009,0x0009,0x0009,0x0009,0x0009
	.hword 0x0009,0x0009,0x0009,0x0009,0x0009,0x0009,0x0009,0x0009
	.hword 0x0009,0x0009,0x0009,0x0009,0x0009,0x0009,0x0009,0x0009

	.hword 0x0009,0x0009,0x0009,0x0009,0x0009,0x0009,0x0009,0x0009
	.hword 0x0009,0x0009,0x0009,0x0009,0x0009,0x0009,0x0009,0x0009
	.hword 0x0009,0x0009,0x0009,0x0009,0x0009,0x0009,0x0009,0x0009
	.hword 0x0009,0x0009,0x0009,0x0009,0x0009,0x0009,0x0009,0x0009
	.hword 0x0009,0x0009,0x0009,0x0009,0x0009,0x0009,0x0009,0x0009
	.hword 0x0009,0x0009,0x0009,0x0009,0x0009,0x0009,0x0009,0x0009
	.hword 0x0009,0x0009,0x0009,0x0009,0x0009,0x0009,0x0009,0x0009
	.hword 0x0009,0x0009,0x0009,0x0009,0x0009,0x0009,0x0009,0x0009

	.hword 0x0C08,0x0C08,0x0C08,0x0C08,0x0C08,0x0C08,0x0C08,0x0C08
	.hword 0x0C08,0x0C08,0x0C08,0x0C08,0x0C08,0x0C08,0x0C08,0x0C08
	.hword 0x0C08,0x0C08,0x0C08,0x0C08,0x0C08,0x0C08,0x0C08,0x0C08
	.hword 0x0C08,0x0C08,0x0C08,0x0C08,0x0C08,0x0C08,0x0C08,0x0C08
	.hword 0x0007,0x0007,0x0007,0x0007,0x0007,0x0007,0x0007,0x0007
	.hword 0x0007,0x0007,0x0007,0x0007,0x0007,0x0007,0x0007,0x0007
	.hword 0x0007,0x0007,0x0007,0x0007,0x0007,0x0007,0x0007,0x0007
	.hword 0x0007,0x0007,0x0007,0x0007,0x0007,0x0007,0x0007,0x0007

	.hword 0x0007,0x0007,0x0007,0x0007,0x0007,0x0007,0x0007,0x0007
	.hword 0x0007,0x0007,0x0007,0x0007,0x0007,0x0007,0x0007,0x0007
	.hword 0x0007,0x0007,0x0007,0x0007,0x0007,0x0007,0x0007,0x0007
	.hword 0x0007,0x0007,0x0007,0x0007,0x0007,0x0007,0x0007,0x0007
	.hword 0x0007,0x0007,0x0007,0x0007,0x0007,0x0007,0x0007,0x0007
	.hword 0x0007,0x0007,0x0007,0x0007,0x0007,0x0007,0x0007,0x0007
	.hword 0x0007,0x0007,0x0007,0x0007,0x0007,0x0007,0x0007,0x0007
	.hword 0x0007,0x0007,0x0007,0x0007,0x0007,0x0007,0x0007,0x0007

	.hword 0x0C06,0x0C06,0x0C06,0x0C06,0x0C06,0x0C06,0x0C06,0x0C06
	.hword 0x0C06,0x0C06,0x0C06,0x0C06,0x0C06,0x0C06,0x0C06,0x0C06
	.hword 0x0C06,0x0C06,0x0C06,0x0C06,0x0C06,0x0C06,0x0C06,0x0C06
	.hword 0x0C06,0x0C06,0x0C06,0x0C06,0x0C06,0x0C06,0x0C06,0x0C06
	.hword 0x0005,0x0005,0x0005,0x0005,0x0005,0x0005,0x0005,0x0005
	.hword 0x0005,0x0005,0x0005,0x0005,0x0005,0x0005,0x0005,0x0005
	.hword 0x0005,0x0005,0x0005,0x0005,0x0005,0x0005,0x0005,0x0005
	.hword 0x0005,0x0005,0x0005,0x0005,0x0005,0x0005,0x0005,0x0005

	.hword 0x0005,0x0005,0x0005,0x0005,0x0005,0x0005,0x0005,0x0005
	.hword 0x0005,0x0005,0x0005,0x0005,0x0005,0x0005,0x0005,0x0005
	.hword 0x0005,0x0005,0x0005,0x0005,0x0005,0x0005,0x0005,0x0005
	.hword 0x0005,0x0005,0x0005,0x0005,0x0005,0x0005,0x0005,0x0005
	.hword 0x0005,0x0005,0x0005,0x0005,0x0005,0x0005,0x0005,0x0005
	.hword 0x0005,0x0005,0x0005,0x0005,0x0005,0x0005,0x0005,0x0005
	.hword 0x0005,0x0005,0x0005,0x0005,0x0005,0x0005,0x0005,0x0005
	.hword 0x0005,0x0005,0x0005,0x0005,0x0005,0x0005,0x0005,0x0005

	.hword 0x0C04,0x0C04,0x0C04,0x0C04,0x0C04,0x0C04,0x0C04,0x0C04
	.hword 0x0C04,0x0C04,0x0C04,0x0C04,0x0C04,0x0C04,0x0C04,0x0C04
	.hword 0x0C04,0x0C04,0x0C04,0x0C04,0x0C04,0x0C04,0x0C04,0x0C04
	.hword 0x0C04,0x0C04,0x0C04,0x0C04,0x0C04,0x0C04,0x0C04,0x0C04
	.hword 0x0003,0x0003,0x0003,0x0003,0x0003,0x0003,0x0003,0x0003
	.hword 0x0003,0x0003,0x0003,0x0003,0x0003,0x0003,0x0003,0x0003
	.hword 0x0003,0x0003,0x0003,0x0003,0x0003,0x0003,0x0003,0x0003
	.hword 0x0003,0x0003,0x0003,0x0003,0x0003,0x0003,0x0003,0x0003

	.hword 0x0003,0x0003,0x0003,0x0003,0x0003,0x0003,0x0003,0x0003
	.hword 0x0003,0x0003,0x0003,0x0003,0x0003,0x0003,0x0003,0x0003
	.hword 0x0003,0x0003,0x0003,0x0003,0x0003,0x0003,0x0003,0x0003
	.hword 0x0003,0x0003,0x0003,0x0003,0x0003,0x0003,0x0003,0x0003
	.hword 0x0003,0x0003,0x0003,0x0003,0x0003,0x0003,0x0003,0x0003
	.hword 0x0003,0x0003,0x0003,0x0003,0x0003,0x0003,0x0003,0x0003
	.hword 0x0003,0x0003,0x0003,0x0003,0x0003,0x0003,0x0003,0x0003
	.hword 0x0003,0x0003,0x0003,0x0003,0x0003,0x0003,0x0003,0x0003

	.hword 0x0003,0x0003,0x0003,0x0003,0x0003,0x0003,0x0003,0x0003
	.hword 0x0003,0x0003,0x0003,0x0003,0x0003,0x0003,0x0003,0x0003
	.hword 0x0003,0x0003,0x0003,0x0003,0x0003,0x0003,0x0003,0x0003
	.hword 0x0003,0x0003,0x0003,0x0003,0x0003,0x0003,0x0003,0x0003
	.hword 0x0003,0x0003,0x0003,0x0003,0x0003,0x0003,0x0003,0x0003
	.hword 0x0003,0x0003,0x0003,0x0003,0x0003,0x0003,0x0003,0x0003
	.hword 0x0003,0x0003,0x0003,0x0003,0x0003,0x0003,0x0003,0x0003
	.hword 0x0003,0x0003,0x0003,0x0003,0x0003,0x0003,0x0003,0x0003

	.hword 0x0C02,0x0C02,0x0C02,0x0C02,0x0C02,0x0C02,0x0C02,0x0C02
	.hword 0x0C02,0x0C02,0x0C02,0x0C02,0x0C02,0x0C02,0x0C02,0x0C02
	.hword 0x0C02,0x0C02,0x0C02,0x0C02,0x0C02,0x0C02,0x0C02,0x0C02
	.hword 0x0C02,0x0C02,0x0C02,0x0C02,0x0C02,0x0C02,0x0C02,0x0C02
	.hword 0x0002,0x0002,0x0002,0x0002,0x0002,0x0002,0x0002,0x0002
	.hword 0x0002,0x0002,0x0002,0x0002,0x0002,0x0002,0x0002,0x0002
	.hword 0x0002,0x0002,0x0002,0x0002,0x0002,0x0002,0x0002,0x0002
	.hword 0x0002,0x0002,0x0002,0x0002,0x0002,0x0002,0x0002,0x0002

	.hword 0x0003,0x0003,0x0003,0x0003,0x0003,0x0003,0x0003,0x0003
	.hword 0x0003,0x0003,0x0003,0x0003,0x0003,0x0003,0x0003,0x0003
	.hword 0x0003,0x0003,0x0003,0x0003,0x0003,0x0003,0x0003,0x0003
	.hword 0x0003,0x0003,0x0003,0x0003,0x0003,0x0003,0x0003,0x0003
	.hword 0x0C02,0x0C02,0x0C02,0x0C02,0x0C02,0x0C02,0x0C02,0x0C02
	.hword 0x0C02,0x0C02,0x0C02,0x0C02,0x0C02,0x0C02,0x0C02,0x0C02
	.hword 0x0C02,0x0C02,0x0C02,0x0C02,0x0C02,0x0C02,0x0C02,0x0C02
	.hword 0x0C02,0x0C02,0x0C02,0x0C02,0x0C02,0x0C02,0x0C02,0x0C02

	.hword 0x0001,0x0001,0x0001,0x0001,0x0001,0x0001,0x0001,0x0001
	.hword 0x0001,0x0001,0x0001,0x0001,0x0001,0x0001,0x0001,0x0001
	.hword 0x0001,0x0001,0x0001,0x0001,0x0001,0x0001,0x0001,0x0001
	.hword 0x0001,0x0001,0x0001,0x0001,0x0001,0x0001,0x0001,0x0001
	.hword 0x0002,0x0002,0x0002,0x0002,0x0002,0x0002,0x0002,0x0002
	.hword 0x0002,0x0002,0x0002,0x0002,0x0002,0x0002,0x0002,0x0002
	.hword 0x0002,0x0002,0x0002,0x0002,0x0002,0x0002,0x0002,0x0002
	.hword 0x0002,0x0002,0x0002,0x0002,0x0002,0x0002,0x0002,0x0002

	.hword 0x0003,0x0003,0x0003,0x0003,0x0003,0x0003,0x0003,0x0003
	.hword 0x0003,0x0003,0x0003,0x0003,0x0003,0x0003,0x0003,0x0003
	.hword 0x0003,0x0003,0x0003,0x0003,0x0003,0x0003,0x0003,0x0003
	.hword 0x0003,0x0003,0x0003,0x0003,0x0003,0x0003,0x0003,0x0003
	.hword 0x0C02,0x0C02,0x0C02,0x0C02,0x0C02,0x0C02,0x0C02,0x0C02
	.hword 0x0C02,0x0C02,0x0C02,0x0C02,0x0C02,0x0C02,0x0C02,0x0C02
	.hword 0x0C02,0x0C02,0x0C02,0x0C02,0x0C02,0x0C02,0x0C02,0x0C02
	.hword 0x0C02,0x0C02,0x0C02,0x0C02,0x0C02,0x0C02,0x0C02,0x0C02

	.hword 0x0002,0x0002,0x0002,0x0002,0x0002,0x0002,0x0002,0x0002
	.hword 0x0002,0x0002,0x0002,0x0002,0x0002,0x0002,0x0002,0x0002
	.hword 0x0002,0x0002,0x0002,0x0002,0x0002,0x0002,0x0002,0x0002
	.hword 0x0002,0x0002,0x0002,0x0002,0x0002,0x0002,0x0002,0x0002
	.hword 0x0003,0x0003,0x0003,0x0003,0x0003,0x0003,0x0003,0x0003
	.hword 0x0003,0x0003,0x0003,0x0003,0x0003,0x0003,0x0003,0x0003
	.hword 0x0003,0x0003,0x0003,0x0003,0x0003,0x0003,0x0003,0x0003
	.hword 0x0003,0x0003,0x0003,0x0003,0x0003,0x0003,0x0003,0x0003

	.hword 0x0003,0x0003,0x0003,0x0003,0x0003,0x0003,0x0003,0x0003
	.hword 0x0003,0x0003,0x0003,0x0003,0x0003,0x0003,0x0003,0x0003
	.hword 0x0003,0x0003,0x0003,0x0003,0x0003,0x0003,0x0003,0x0003
	.hword 0x0003,0x0003,0x0003,0x0003,0x0003,0x0003,0x0003,0x0003
	.hword 0x0003,0x0003,0x0003,0x0003,0x0003,0x0003,0x0003,0x0003
	.hword 0x0003,0x0003,0x0003,0x0003,0x0003,0x0003,0x0003,0x0003
	.hword 0x0003,0x0003,0x0003,0x0003,0x0003,0x0003,0x0003,0x0003
	.hword 0x0003,0x0003,0x0003,0x0003,0x0003,0x0003,0x0003,0x0003

	.hword 0x0003,0x0003,0x0003,0x0003,0x0003,0x0003,0x0003,0x0003
	.hword 0x0003,0x0003,0x0003,0x0003,0x0003,0x0003,0x0003,0x0003
	.hword 0x0003,0x0003,0x0003,0x0003,0x0003,0x0003,0x0003,0x0003
	.hword 0x0003,0x0003,0x0003,0x0003,0x0003,0x0003,0x0003,0x0003
	.hword 0x0003,0x0003,0x0003,0x0003,0x0003,0x0003,0x0003,0x0003
	.hword 0x0003,0x0003,0x0003,0x0003,0x0003,0x0003,0x0003,0x0003
	.hword 0x0003,0x0003,0x0003,0x0003,0x0003,0x0003,0x0003,0x0003
	.hword 0x0003,0x0003,0x0003,0x0003,0x0003,0x0003,0x0003,0x0003

	.hword 0x0004,0x0004,0x0004,0x0004,0x0004,0x0004,0x0004,0x0004
	.hword 0x0004,0x0004,0x0004,0x0004,0x0004,0x0004,0x0004,0x0004
	.hword 0x0004,0x0004,0x0004,0x0004,0x0004,0x0004,0x0004,0x0004
	.hword 0x0004,0x0004,0x0004,0x0004,0x0004,0x0004,0x0004,0x0004
	.hword 0x0005,0x0005,0x0005,0x0005,0x0005,0x0005,0x0005,0x0005
	.hword 0x0005,0x0005,0x0005,0x0005,0x0005,0x0005,0x0005,0x0005
	.hword 0x0005,0x0005,0x0005,0x0005,0x0005,0x0005,0x0005,0x0005
	.hword 0x0005,0x0005,0x0005,0x0005,0x0005,0x0005,0x0005,0x0005

	.hword 0x0005,0x0005,0x0005,0x0005,0x0005,0x0005,0x0005,0x0005
	.hword 0x0005,0x0005,0x0005,0x0005,0x0005,0x0005,0x0005,0x0005
	.hword 0x0005,0x0005,0x0005,0x0005,0x0005,0x0005,0x0005,0x0005
	.hword 0x0005,0x0005,0x0005,0x0005,0x0005,0x0005,0x0005,0x0005
	.hword 0x0005,0x0005,0x0005,0x0005,0x0005,0x0005,0x0005,0x0005
	.hword 0x0005,0x0005,0x0005,0x0005,0x0005,0x0005,0x0005,0x0005
	.hword 0x0005,0x0005,0x0005,0x0005,0x0005,0x0005,0x0005,0x0005
	.hword 0x0005,0x0005,0x0005,0x0005,0x0005,0x0005,0x0005,0x0005

	.hword 0x0006,0x0006,0x0006,0x0006,0x0006,0x0006,0x0006,0x0006
	.hword 0x0006,0x0006,0x0006,0x0006,0x0006,0x0006,0x0006,0x0006
	.hword 0x0006,0x0006,0x0006,0x0006,0x0006,0x0006,0x0006,0x0006
	.hword 0x0006,0x0006,0x0006,0x0006,0x0006,0x0006,0x0006,0x0006
	.hword 0x0007,0x0007,0x0007,0x0007,0x0007,0x0007,0x0007,0x0007
	.hword 0x0007,0x0007,0x0007,0x0007,0x0007,0x0007,0x0007,0x0007
	.hword 0x0007,0x0007,0x0007,0x0007,0x0007,0x0007,0x0007,0x0007
	.hword 0x0007,0x0007,0x0007,0x0007,0x0007,0x0007,0x0007,0x0007

	.hword 0x0007,0x0007,0x0007,0x0007,0x0007,0x0007,0x0007,0x0007
	.hword 0x0007,0x0007,0x0007,0x0007,0x0007,0x0007,0x0007,0x0007
	.hword 0x0007,0x0007,0x0007,0x0007,0x0007,0x0007,0x0007,0x0007
	.hword 0x0007,0x0007,0x0007,0x0007,0x0007,0x0007,0x0007,0x0007
	.hword 0x0007,0x0007,0x0007,0x0007,0x0007,0x0007,0x0007,0x0007
	.hword 0x0007,0x0007,0x0007,0x0007,0x0007,0x0007,0x0007,0x0007
	.hword 0x0007,0x0007,0x0007,0x0007,0x0007,0x0007,0x0007,0x0007
	.hword 0x0007,0x0007,0x0007,0x0007,0x0007,0x0007,0x0007,0x0007

	.hword 0x0008,0x0008,0x0008,0x0008,0x0008,0x0008,0x0008,0x0008
	.hword 0x0008,0x0008,0x0008,0x0008,0x0008,0x0008,0x0008,0x0008
	.hword 0x0008,0x0008,0x0008,0x0008,0x0008,0x0008,0x0008,0x0008
	.hword 0x0008,0x0008,0x0008,0x0008,0x0008,0x0008,0x0008,0x0008
	.hword 0x0009,0x0009,0x0009,0x0009,0x0009,0x0009,0x0009,0x0009
	.hword 0x0009,0x0009,0x0009,0x0009,0x0009,0x0009,0x0009,0x0009
	.hword 0x0009,0x0009,0x0009,0x0009,0x0009,0x0009,0x0009,0x0009
	.hword 0x0009,0x0009,0x0009,0x0009,0x0009,0x0009,0x0009,0x0009

	.hword 0x0009,0x0009,0x0009,0x0009,0x0009,0x0009,0x0009,0x0009
	.hword 0x0009,0x0009,0x0009,0x0009,0x0009,0x0009,0x0009,0x0009
	.hword 0x0009,0x0009,0x0009,0x0009,0x0009,0x0009,0x0009,0x0009
	.hword 0x0009,0x0009,0x0009,0x0009,0x0009,0x0009,0x0009,0x0009
	.hword 0x0009,0x0009,0x0009,0x0009,0x0009,0x0009,0x0009,0x0009
	.hword 0x0009,0x0009,0x0009,0x0009,0x0009,0x0009,0x0009,0x0009
	.hword 0x0009,0x0009,0x0009,0x0009,0x0009,0x0009,0x0009,0x0009
	.hword 0x0009,0x0009,0x0009,0x0009,0x0009,0x0009,0x0009,0x0009

	.hword 0x000A,0x000A,0x000A,0x000A,0x000A,0x000A,0x000A,0x000A
	.hword 0x000A,0x000A,0x000A,0x000A,0x000A,0x000A,0x000A,0x000A
	.hword 0x000A,0x000A,0x000A,0x000A,0x000A,0x000A,0x000A,0x000A
	.hword 0x000A,0x000A,0x000A,0x000A,0x000A,0x000A,0x000A,0x000A
	.hword 0x000B,0x000B,0x000B,0x000B,0x000B,0x000B,0x000B,0x000B
	.hword 0x000B,0x000B,0x000B,0x000B,0x000B,0x000B,0x000B,0x000B
	.hword 0x000B,0x000B,0x000B,0x000B,0x000B,0x000B,0x000B,0x000B
	.hword 0x000B,0x000B,0x000B,0x000B,0x000B,0x000B,0x000B,0x000B

	.hword 0x000B,0x000B,0x000B,0x000B,0x000B,0x000B,0x000B,0x000B
	.hword 0x000B,0x000B,0x000B,0x000B,0x000B,0x000B,0x000B,0x000B
	.hword 0x000B,0x000B,0x000B,0x000B,0x000B,0x000B,0x000B,0x000B
	.hword 0x000B,0x000B,0x000B,0x000B,0x000B,0x000B,0x000B,0x000B
	.hword 0x000C,0x000C,0x000C,0x000C,0x000C,0x000C,0x000C,0x000C
	.hword 0x000C,0x000C,0x000C,0x000C,0x000C,0x000C,0x000C,0x000C
	.hword 0x000C,0x000C,0x000C,0x000C,0x000C,0x000C,0x000C,0x000C
	.hword 0x000C,0x000C,0x000C,0x000C,0x000C,0x000C,0x000C,0x000C

	.hword 0x000D,0x000D,0x000D,0x000D,0x000D,0x000D,0x000D,0x000D
	.hword 0x000D,0x000D,0x000D,0x000D,0x000D,0x000D,0x000D,0x000D
	.hword 0x000D,0x000D,0x000D,0x000D,0x000D,0x000D,0x000D,0x000D
	.hword 0x000D,0x000D,0x000D,0x000D,0x000D,0x000D,0x000D,0x000D
	.hword 0x0C0C,0x0C0C,0x0C0C,0x0C0C,0x0C0C,0x0C0C,0x0C0C,0x0C0C
	.hword 0x0C0C,0x0C0C,0x0C0C,0x0C0C,0x0C0C,0x0C0C,0x0C0C,0x0C0C
	.hword 0x0C0C,0x0C0C,0x0C0C,0x0C0C,0x0C0C,0x0C0C,0x0C0C,0x0C0C
	.hword 0x0C0C,0x0C0C,0x0C0C,0x0C0C,0x0C0C,0x0C0C,0x0C0C,0x0C0C

	.hword 0x000C,0x000C,0x000C,0x000C,0x000C,0x000C,0x000C,0x000C
	.hword 0x000C,0x000C,0x000C,0x000C,0x000C,0x000C,0x000C,0x000C
	.hword 0x000C,0x000C,0x000C,0x000C,0x000C,0x000C,0x000C,0x000C
	.hword 0x000C,0x000C,0x000C,0x000C,0x000C,0x000C,0x000C,0x000C
	.hword 0x000D,0x000D,0x000D,0x000D,0x000D,0x000D,0x000D,0x000D
	.hword 0x000D,0x000D,0x000D,0x000D,0x000D,0x000D,0x000D,0x000D
	.hword 0x000D,0x000D,0x000D,0x000D,0x000D,0x000D,0x000D,0x000D
	.hword 0x000D,0x000D,0x000D,0x000D,0x000D,0x000D,0x000D,0x000D

	.hword 0x000D,0x000D,0x000D,0x000D,0x000D,0x000D,0x000D,0x000D
	.hword 0x000D,0x000D,0x000D,0x000D,0x000D,0x000D,0x000D,0x000D
	.hword 0x000D,0x000D,0x000D,0x000D,0x000D,0x000D,0x000D,0x000D
	.hword 0x000D,0x000D,0x000D,0x000D,0x000D,0x000D,0x000D,0x000D
	.hword 0x000D,0x000D,0x000D,0x000D,0x000D,0x000D,0x000D,0x000D
	.hword 0x000D,0x000D,0x000D,0x000D,0x000D,0x000D,0x000D,0x000D
	.hword 0x000D,0x000D,0x000D,0x000D,0x000D,0x000D,0x000D,0x000D
	.hword 0x000D,0x000D,0x000D,0x000D,0x000D,0x000D,0x000D,0x000D

	.hword 0x0001,0x0001,0x0001,0x0001,0x0001,0x0001,0x0001,0x0001
	.hword 0x0001,0x0001,0x0001,0x0001,0x0001,0x0001,0x0001,0x0001
	.hword 0x0001,0x0001,0x0001,0x0001,0x0001,0x0001,0x0001,0x0001
	.hword 0x0001,0x0001,0x0001,0x0001,0x0001,0x0001,0x0001,0x0001
	.hword 0x0002,0x0002,0x0002,0x0002,0x0002,0x0002,0x0002,0x0002
	.hword 0x0002,0x0002,0x0002,0x0002,0x0002,0x0002,0x0002,0x0002
	.hword 0x0002,0x0002,0x0002,0x0002,0x0002,0x0002,0x0002,0x0002
	.hword 0x0002,0x0002,0x0002,0x0002,0x0002,0x0002,0x0002,0x0002

	.hword 0x0003,0x0003,0x0003,0x0003,0x0003,0x0003,0x0003,0x0003
	.hword 0x0003,0x0003,0x0003,0x0003,0x0003,0x0003,0x0003,0x0003
	.hword 0x0003,0x0003,0x0003,0x0003,0x0003,0x0003,0x0003,0x0003
	.hword 0x0003,0x0003,0x0003,0x0003,0x0003,0x0003,0x0003,0x0003
	.hword 0x0C02,0x0C02,0x0C02,0x0C02,0x0C02,0x0C02,0x0C02,0x0C02
	.hword 0x0C02,0x0C02,0x0C02,0x0C02,0x0C02,0x0C02,0x0C02,0x0C02
	.hword 0x0C02,0x0C02,0x0C02,0x0C02,0x0C02,0x0C02,0x0C02,0x0C02
	.hword 0x0C02,0x0C02,0x0C02,0x0C02,0x0C02,0x0C02,0x0C02,0x0C02

	.hword 0x0002,0x0002,0x0002,0x0002,0x0002,0x0002,0x0002,0x0002
	.hword 0x0002,0x0002,0x0002,0x0002,0x0002,0x0002,0x0002,0x0002
	.hword 0x0002,0x0002,0x0002,0x0002,0x0002,0x0002,0x0002,0x0002
	.hword 0x0002,0x0002,0x0002,0x0002,0x0002,0x0002,0x0002,0x0002
	.hword 0x0003,0x0003,0x0003,0x0003,0x0003,0x0003,0x0003,0x0003
	.hword 0x0003,0x0003,0x0003,0x0003,0x0003,0x0003,0x0003,0x0003
	.hword 0x0003,0x0003,0x0003,0x0003,0x0003,0x0003,0x0003,0x0003
	.hword 0x0003,0x0003,0x0003,0x0003,0x0003,0x0003,0x0003,0x0003

	.hword 0x0003,0x0003,0x0003,0x0003,0x0003,0x0003,0x0003,0x0003
	.hword 0x0003,0x0003,0x0003,0x0003,0x0003,0x0003,0x0003,0x0003
	.hword 0x0003,0x0003,0x0003,0x0003,0x0003,0x0003,0x0003,0x0003
	.hword 0x0003,0x0003,0x0003,0x0003,0x0003,0x0003,0x0003,0x0003
	.hword 0x0003,0x0003,0x0003,0x0003,0x0003,0x0003,0x0003,0x0003
	.hword 0x0003,0x0003,0x0003,0x0003,0x0003,0x0003,0x0003,0x0003
	.hword 0x0003,0x0003,0x0003,0x0003,0x0003,0x0003,0x0003,0x0003
	.hword 0x0003,0x0003,0x0003,0x0003,0x0003,0x0003,0x0003,0x0003

	.hword 0x0003,0x0003,0x0003,0x0003,0x0003,0x0003,0x0003,0x0003
	.hword 0x0003,0x0003,0x0003,0x0003,0x0003,0x0003,0x0003,0x0003
	.hword 0x0003,0x0003,0x0003,0x0003,0x0003,0x0003,0x0003,0x0003
	.hword 0x0003,0x0003,0x0003,0x0003,0x0003,0x0003,0x0003,0x0003
	.hword 0x0003,0x0003,0x0003,0x0003,0x0003,0x0003,0x0003,0x0003
	.hword 0x0003,0x0003,0x0003,0x0003,0x0003,0x0003,0x0003,0x0003
	.hword 0x0003,0x0003,0x0003,0x0003,0x0003,0x0003,0x0003,0x0003
	.hword 0x0003,0x0003,0x0003,0x0003,0x0003,0x0003,0x0003,0x0003

	.hword 0x0004,0x0004,0x0004,0x0004,0x0004,0x0004,0x0004,0x0004
	.hword 0x0004,0x0004,0x0004,0x0004,0x0004,0x0004,0x0004,0x0004
	.hword 0x0004,0x0004,0x0004,0x0004,0x0004,0x0004,0x0004,0x0004
	.hword 0x0004,0x0004,0x0004,0x0004,0x0004,0x0004,0x0004,0x0004
	.hword 0x0005,0x0005,0x0005,0x0005,0x0005,0x0005,0x0005,0x0005
	.hword 0x0005,0x0005,0x0005,0x0005,0x0005,0x0005,0x0005,0x0005
	.hword 0x0005,0x0005,0x0005,0x0005,0x0005,0x0005,0x0005,0x0005
	.hword 0x0005,0x0005,0x0005,0x0005,0x0005,0x0005,0x0005,0x0005

	.hword 0x0005,0x0005,0x0005,0x0005,0x0005,0x0005,0x0005,0x0005
	.hword 0x0005,0x0005,0x0005,0x0005,0x0005,0x0005,0x0005,0x0005
	.hword 0x0005,0x0005,0x0005,0x0005,0x0005,0x0005,0x0005,0x0005
	.hword 0x0005,0x0005,0x0005,0x0005,0x0005,0x0005,0x0005,0x0005
	.hword 0x0005,0x0005,0x0005,0x0005,0x0005,0x0005,0x0005,0x0005
	.hword 0x0005,0x0005,0x0005,0x0005,0x0005,0x0005,0x0005,0x0005
	.hword 0x0005,0x0005,0x0005,0x0005,0x0005,0x0005,0x0005,0x0005
	.hword 0x0005,0x0005,0x0005,0x0005,0x0005,0x0005,0x0005,0x0005

	.hword 0x0006,0x0006,0x0006,0x0006,0x0006,0x0006,0x0006,0x0006
	.hword 0x0006,0x0006,0x0006,0x0006,0x0006,0x0006,0x0006,0x0006
	.hword 0x0006,0x0006,0x0006,0x0006,0x0006,0x0006,0x0006,0x0006
	.hword 0x0006,0x0006,0x0006,0x0006,0x0006,0x0006,0x0006,0x0006
	.hword 0x0007,0x0007,0x0007,0x0007,0x0007,0x0007,0x0007,0x0007
	.hword 0x0007,0x0007,0x0007,0x0007,0x0007,0x0007,0x0007,0x0007
	.hword 0x0007,0x0007,0x0007,0x0007,0x0007,0x0007,0x0007,0x0007
	.hword 0x0007,0x0007,0x0007,0x0007,0x0007,0x0007,0x0007,0x0007

	.hword 0x0007,0x0007,0x0007,0x0007,0x0007,0x0007,0x0007,0x0007
	.hword 0x0007,0x0007,0x0007,0x0007,0x0007,0x0007,0x0007,0x0007
	.hword 0x0007,0x0007,0x0007,0x0007,0x0007,0x0007,0x0007,0x0007
	.hword 0x0007,0x0007,0x0007,0x0007,0x0007,0x0007,0x0007,0x0007
	.hword 0x0007,0x0007,0x0007,0x0007,0x0007,0x0007,0x0007,0x0007
	.hword 0x0007,0x0007,0x0007,0x0007,0x0007,0x0007,0x0007,0x0007
	.hword 0x0007,0x0007,0x0007,0x0007,0x0007,0x0007,0x0007,0x0007
	.hword 0x0007,0x0007,0x0007,0x0007,0x0007,0x0007,0x0007,0x0007

	.hword 0x0008,0x0008,0x0008,0x0008,0x0008,0x0008,0x0008,0x0008
	.hword 0x0008,0x0008,0x0008,0x0008,0x0008,0x0008,0x0008,0x0008
	.hword 0x0008,0x0008,0x0008,0x0008,0x0008,0x0008,0x0008,0x0008
	.hword 0x0008,0x0008,0x0008,0x0008,0x0008,0x0008,0x0008,0x0008
	.hword 0x0009,0x0009,0x0009,0x0009,0x0009,0x0009,0x0009,0x0009
	.hword 0x0009,0x0009,0x0009,0x0009,0x0009,0x0009,0x0009,0x0009
	.hword 0x0009,0x0009,0x0009,0x0009,0x0009,0x0009,0x0009,0x0009
	.hword 0x0009,0x0009,0x0009,0x0009,0x0009,0x0009,0x0009,0x0009

	.hword 0x0009,0x0009,0x0009,0x0009,0x0009,0x0009,0x0009,0x0009
	.hword 0x0009,0x0009,0x0009,0x0009,0x0009,0x0009,0x0009,0x0009
	.hword 0x0009,0x0009,0x0009,0x0009,0x0009,0x0009,0x0009,0x0009
	.hword 0x0009,0x0009,0x0009,0x0009,0x0009,0x0009,0x0009,0x0009
	.hword 0x0009,0x0009,0x0009,0x0009,0x0009,0x0009,0x0009,0x0009
	.hword 0x0009,0x0009,0x0009,0x0009,0x0009,0x0009,0x0009,0x0009
	.hword 0x0009,0x0009,0x0009,0x0009,0x0009,0x0009,0x0009,0x0009
	.hword 0x0009,0x0009,0x0009,0x0009,0x0009,0x0009,0x0009,0x0009

	.hword 0x000A,0x000A,0x000A,0x000A,0x000A,0x000A,0x000A,0x000A
	.hword 0x000A,0x000A,0x000A,0x000A,0x000A,0x000A,0x000A,0x000A
	.hword 0x000A,0x000A,0x000A,0x000A,0x000A,0x000A,0x000A,0x000A
	.hword 0x000A,0x000A,0x000A,0x000A,0x000A,0x000A,0x000A,0x000A
	.hword 0x000B,0x000B,0x000B,0x000B,0x000B,0x000B,0x000B,0x000B
	.hword 0x000B,0x000B,0x000B,0x000B,0x000B,0x000B,0x000B,0x000B
	.hword 0x000B,0x000B,0x000B,0x000B,0x000B,0x000B,0x000B,0x000B
	.hword 0x000B,0x000B,0x000B,0x000B,0x000B,0x000B,0x000B,0x000B

	.hword 0x000B,0x000B,0x000B,0x000B,0x000B,0x000B,0x000B,0x000B
	.hword 0x000B,0x000B,0x000B,0x000B,0x000B,0x000B,0x000B,0x000B
	.hword 0x000B,0x000B,0x000B,0x000B,0x000B,0x000B,0x000B,0x000B
	.hword 0x000B,0x000B,0x000B,0x000B,0x000B,0x000B,0x000B,0x000B
	.hword 0x000C,0x000C,0x000C,0x000C,0x000C,0x000C,0x000C,0x000C
	.hword 0x000C,0x000C,0x000C,0x000C,0x000C,0x000C,0x000C,0x000C
	.hword 0x000C,0x000C,0x000C,0x000C,0x000C,0x000C,0x000C,0x000C
	.hword 0x000C,0x000C,0x000C,0x000C,0x000C,0x000C,0x000C,0x000C

	.hword 0x000D,0x000D,0x000D,0x000D,0x000D,0x000D,0x000D,0x000D
	.hword 0x000D,0x000D,0x000D,0x000D,0x000D,0x000D,0x000D,0x000D
	.hword 0x000D,0x000D,0x000D,0x000D,0x000D,0x000D,0x000D,0x000D
	.hword 0x000D,0x000D,0x000D,0x000D,0x000D,0x000D,0x000D,0x000D
	.hword 0x0C0C,0x0C0C,0x0C0C,0x0C0C,0x0C0C,0x0C0C,0x0C0C,0x0C0C
	.hword 0x0C0C,0x0C0C,0x0C0C,0x0C0C,0x0C0C,0x0C0C,0x0C0C,0x0C0C
	.hword 0x0C0C,0x0C0C,0x0C0C,0x0C0C,0x0C0C,0x0C0C,0x0C0C,0x0C0C
	.hword 0x0C0C,0x0C0C,0x0C0C,0x0C0C,0x0C0C,0x0C0C,0x0C0C,0x0C0C

	.hword 0x000C,0x000C,0x000C,0x000C,0x000C,0x000C,0x000C,0x000C
	.hword 0x000C,0x000C,0x000C,0x000C,0x000C,0x000C,0x000C,0x000C
	.hword 0x000C,0x000C,0x000C,0x000C,0x000C,0x000C,0x000C,0x000C
	.hword 0x000C,0x000C,0x000C,0x000C,0x000C,0x000C,0x000C,0x000C
	.hword 0x000D,0x000D,0x000D,0x000D,0x000D,0x000D,0x000D,0x000D
	.hword 0x000D,0x000D,0x000D,0x000D,0x000D,0x000D,0x000D,0x000D
	.hword 0x000D,0x000D,0x000D,0x000D,0x000D,0x000D,0x000D,0x000D
	.hword 0x000D,0x000D,0x000D,0x000D,0x000D,0x000D,0x000D,0x000D

	.hword 0x000D,0x000D,0x000D,0x000D,0x000D,0x000D,0x000D,0x000D
	.hword 0x000D,0x000D,0x000D,0x000D,0x000D,0x000D,0x000D,0x000D
	.hword 0x000D,0x000D,0x000D,0x000D,0x000D,0x000D,0x000D,0x000D
	.hword 0x000D,0x000D,0x000D,0x000D,0x000D,0x000D,0x000D,0x000D
	.hword 0x000D,0x000D,0x000D,0x000D,0x000D,0x000D,0x000D,0x000D
	.hword 0x000D,0x000D,0x000D,0x000D,0x000D,0x000D,0x000D,0x000D
	.hword 0x000D,0x000D,0x000D,0x000D,0x000D,0x000D,0x000D,0x000D
	.hword 0x000D,0x000D,0x000D,0x000D,0x000D,0x000D,0x000D,0x000D

	.hword 0x000D,0x000D,0x000D,0x000D,0x000D,0x000D,0x000D,0x000D
	.hword 0x000D,0x000D,0x000D,0x000D,0x000D,0x000D,0x000D,0x000D
	.hword 0x000D,0x000D,0x000D,0x000D,0x000D,0x000D,0x000D,0x000D
	.hword 0x000D,0x000D,0x000D,0x000D,0x000D,0x000D,0x000D,0x000D
	.hword 0x000D,0x000D,0x000D,0x000D,0x000D,0x000D,0x000D,0x000D
	.hword 0x000D,0x000D,0x000D,0x000D,0x000D,0x000D,0x000D,0x000D
	.hword 0x000D,0x000D,0x000D,0x000D,0x000D,0x000D,0x000D,0x000D
	.hword 0x000D,0x000D,0x000D,0x000D,0x000D,0x000D,0x000D,0x000D

	.hword 0x000D,0x000D,0x000D,0x000D,0x000D,0x000D,0x000D,0x000D
	.hword 0x000D,0x000D,0x000D,0x000D,0x000D,0x000D,0x000D,0x000D
	.hword 0x000D,0x000D,0x000D,0x000D,0x000D,0x000D,0x000D,0x000D
	.hword 0x000D,0x000D,0x000D,0x000D,0x000D,0x000D,0x000D,0x000D
	.hword 0x0C0C,0x0C0C,0x0C0C,0x0C0C,0x0C0C,0x0C0C,0x0C0C,0x0C0C
	.hword 0x0C0C,0x0C0C,0x0C0C,0x0C0C,0x0C0C,0x0C0C,0x0C0C,0x0C0C
	.hword 0x0C0C,0x0C0C,0x0C0C,0x0C0C,0x0C0C,0x0C0C,0x0C0C,0x0C0C
	.hword 0x0C0C,0x0C0C,0x0C0C,0x0C0C,0x0C0C,0x0C0C,0x0C0C,0x0C0C

	.hword 0x000C,0x000C,0x000C,0x000C,0x000C,0x000C,0x000C,0x000C
	.hword 0x000C,0x000C,0x000C,0x000C,0x000C,0x000C,0x000C,0x000C
	.hword 0x000C,0x000C,0x000C,0x000C,0x000C,0x000C,0x000C,0x000C
	.hword 0x000C,0x000C,0x000C,0x000C,0x000C,0x000C,0x000C,0x000C
	.hword 0x000D,0x000D,0x000D,0x000D,0x000D,0x000D,0x000D,0x000D
	.hword 0x000D,0x000D,0x000D,0x000D,0x000D,0x000D,0x000D,0x000D
	.hword 0x000D,0x000D,0x000D,0x000D,0x000D,0x000D,0x000D,0x000D
	.hword 0x000D,0x000D,0x000D,0x000D,0x000D,0x000D,0x000D,0x000D

	.hword 0x0C0C,0x0C0C,0x0C0C,0x0C0C,0x0C0C,0x0C0C,0x0C0C,0x0C0C
	.hword 0x0C0C,0x0C0C,0x0C0C,0x0C0C,0x0C0C,0x0C0C,0x0C0C,0x0C0C
	.hword 0x0C0C,0x0C0C,0x0C0C,0x0C0C,0x0C0C,0x0C0C,0x0C0C,0x0C0C
	.hword 0x0C0C,0x0C0C,0x0C0C,0x0C0C,0x0C0C,0x0C0C,0x0C0C,0x0C0C
	.hword 0x000B,0x000B,0x000B,0x000B,0x000B,0x000B,0x000B,0x000B
	.hword 0x000B,0x000B,0x000B,0x000B,0x000B,0x000B,0x000B,0x000B
	.hword 0x000B,0x000B,0x000B,0x000B,0x000B,0x000B,0x000B,0x000B
	.hword 0x000B,0x000B,0x000B,0x000B,0x000B,0x000B,0x000B,0x000B

	.hword 0x000B,0x000B,0x000B,0x000B,0x000B,0x000B,0x000B,0x000B
	.hword 0x000B,0x000B,0x000B,0x000B,0x000B,0x000B,0x000B,0x000B
	.hword 0x000B,0x000B,0x000B,0x000B,0x000B,0x000B,0x000B,0x000B
	.hword 0x000B,0x000B,0x000B,0x000B,0x000B,0x000B,0x000B,0x000B
	.hword 0x0C0A,0x0C0A,0x0C0A,0x0C0A,0x0C0A,0x0C0A,0x0C0A,0x0C0A
	.hword 0x0C0A,0x0C0A,0x0C0A,0x0C0A,0x0C0A,0x0C0A,0x0C0A,0x0C0A
	.hword 0x0C0A,0x0C0A,0x0C0A,0x0C0A,0x0C0A,0x0C0A,0x0C0A,0x0C0A
	.hword 0x0C0A,0x0C0A,0x0C0A,0x0C0A,0x0C0A,0x0C0A,0x0C0A,0x0C0A

	.hword 0x0009,0x0009,0x0009,0x0009,0x0009,0x0009,0x0009,0x0009
	.hword 0x0009,0x0009,0x0009,0x0009,0x0009,0x0009,0x0009,0x0009
	.hword 0x0009,0x0009,0x0009,0x0009,0x0009,0x0009,0x0009,0x0009
	.hword 0x0009,0x0009,0x0009,0x0009,0x0009,0x0009,0x0009,0x0009
	.hword 0x0009,0x0009,0x0009,0x0009,0x0009,0x0009,0x0009,0x0009
	.hword 0x0009,0x0009,0x0009,0x0009,0x0009,0x0009,0x0009,0x0009
	.hword 0x0009,0x0009,0x0009,0x0009,0x0009,0x0009,0x0009,0x0009
	.hword 0x0009,0x0009,0x0009,0x0009,0x0009,0x0009,0x0009,0x0009

	.hword 0x0009,0x0009,0x0009,0x0009,0x0009,0x0009,0x0009,0x0009
	.hword 0x0009,0x0009,0x0009,0x0009,0x0009,0x0009,0x0009,0x0009
	.hword 0x0009,0x0009,0x0009,0x0009,0x0009,0x0009,0x0009,0x0009
	.hword 0x0009,0x0009,0x0009,0x0009,0x0009,0x0009,0x0009,0x0009
	.hword 0x0009,0x0009,0x0009,0x0009,0x0009,0x0009,0x0009,0x0009
	.hword 0x0009,0x0009,0x0009,0x0009,0x0009,0x0009,0x0009,0x0009
	.hword 0x0009,0x0009,0x0009,0x0009,0x0009,0x0009,0x0009,0x0009
	.hword 0x0009,0x0009,0x0009,0x0009,0x0009,0x0009,0x0009,0x0009

	.hword 0x0C08,0x0C08,0x0C08,0x0C08,0x0C08,0x0C08,0x0C08,0x0C08
	.hword 0x0C08,0x0C08,0x0C08,0x0C08,0x0C08,0x0C08,0x0C08,0x0C08
	.hword 0x0C08,0x0C08,0x0C08,0x0C08,0x0C08,0x0C08,0x0C08,0x0C08
	.hword 0x0C08,0x0C08,0x0C08,0x0C08,0x0C08,0x0C08,0x0C08,0x0C08
	.hword 0x0007,0x0007,0x0007,0x0007,0x0007,0x0007,0x0007,0x0007
	.hword 0x0007,0x0007,0x0007,0x0007,0x0007,0x0007,0x0007,0x0007
	.hword 0x0007,0x0007,0x0007,0x0007,0x0007,0x0007,0x0007,0x0007
	.hword 0x0007,0x0007,0x0007,0x0007,0x0007,0x0007,0x0007,0x0007

	.hword 0x0007,0x0007,0x0007,0x0007,0x0007,0x0007,0x0007,0x0007
	.hword 0x0007,0x0007,0x0007,0x0007,0x0007,0x0007,0x0007,0x0007
	.hword 0x0007,0x0007,0x0007,0x0007,0x0007,0x0007,0x0007,0x0007
	.hword 0x0007,0x0007,0x0007,0x0007,0x0007,0x0007,0x0007,0x0007
	.hword 0x0007,0x0007,0x0007,0x0007,0x0007,0x0007,0x0007,0x0007
	.hword 0x0007,0x0007,0x0007,0x0007,0x0007,0x0007,0x0007,0x0007
	.hword 0x0007,0x0007,0x0007,0x0007,0x0007,0x0007,0x0007,0x0007
	.hword 0x0007,0x0007,0x0007,0x0007,0x0007,0x0007,0x0007,0x0007

	.hword 0x0C06,0x0C06,0x0C06,0x0C06,0x0C06,0x0C06,0x0C06,0x0C06
	.hword 0x0C06,0x0C06,0x0C06,0x0C06,0x0C06,0x0C06,0x0C06,0x0C06
	.hword 0x0C06,0x0C06,0x0C06,0x0C06,0x0C06,0x0C06,0x0C06,0x0C06
	.hword 0x0C06,0x0C06,0x0C06,0x0C06,0x0C06,0x0C06,0x0C06,0x0C06
	.hword 0x0005,0x0005,0x0005,0x0005,0x0005,0x0005,0x0005,0x0005
	.hword 0x0005,0x0005,0x0005,0x0005,0x0005,0x0005,0x0005,0x0005
	.hword 0x0005,0x0005,0x0005,0x0005,0x0005,0x0005,0x0005,0x0005
	.hword 0x0005,0x0005,0x0005,0x0005,0x0005,0x0005,0x0005,0x0005

	.hword 0x0005,0x0005,0x0005,0x0005,0x0005,0x0005,0x0005,0x0005
	.hword 0x0005,0x0005,0x0005,0x0005,0x0005,0x0005,0x0005,0x0005
	.hword 0x0005,0x0005,0x0005,0x0005,0x0005,0x0005,0x0005,0x0005
	.hword 0x0005,0x0005,0x0005,0x0005,0x0005,0x0005,0x0005,0x0005
	.hword 0x0005,0x0005,0x0005,0x0005,0x0005,0x0005,0x0005,0x0005
	.hword 0x0005,0x0005,0x0005,0x0005,0x0005,0x0005,0x0005,0x0005
	.hword 0x0005,0x0005,0x0005,0x0005,0x0005,0x0005,0x0005,0x0005
	.hword 0x0005,0x0005,0x0005,0x0005,0x0005,0x0005,0x0005,0x0005

	.hword 0x0C04,0x0C04,0x0C04,0x0C04,0x0C04,0x0C04,0x0C04,0x0C04
	.hword 0x0C04,0x0C04,0x0C04,0x0C04,0x0C04,0x0C04,0x0C04,0x0C04
	.hword 0x0C04,0x0C04,0x0C04,0x0C04,0x0C04,0x0C04,0x0C04,0x0C04
	.hword 0x0C04,0x0C04,0x0C04,0x0C04,0x0C04,0x0C04,0x0C04,0x0C04
	.hword 0x0003,0x0003,0x0003,0x0003,0x0003,0x0003,0x0003,0x0003
	.hword 0x0003,0x0003,0x0003,0x0003,0x0003,0x0003,0x0003,0x0003
	.hword 0x0003,0x0003,0x0003,0x0003,0x0003,0x0003,0x0003,0x0003
	.hword 0x0003,0x0003,0x0003,0x0003,0x0003,0x0003,0x0003,0x0003

	.hword 0x0003,0x0003,0x0003,0x0003,0x0003,0x0003,0x0003,0x0003
	.hword 0x0003,0x0003,0x0003,0x0003,0x0003,0x0003,0x0003,0x0003
	.hword 0x0003,0x0003,0x0003,0x0003,0x0003,0x0003,0x0003,0x0003
	.hword 0x0003,0x0003,0x0003,0x0003,0x0003,0x0003,0x0003,0x0003
	.hword 0x0003,0x0003,0x0003,0x0003,0x0003,0x0003,0x0003,0x0003
	.hword 0x0003,0x0003,0x0003,0x0003,0x0003,0x0003,0x0003,0x0003
	.hword 0x0003,0x0003,0x0003,0x0003,0x0003,0x0003,0x0003,0x0003
	.hword 0x0003,0x0003,0x0003,0x0003,0x0003,0x0003,0x0003,0x0003

	.hword 0x0003,0x0003,0x0003,0x0003,0x0003,0x0003,0x0003,0x0003
	.hword 0x0003,0x0003,0x0003,0x0003,0x0003,0x0003,0x0003,0x0003
	.hword 0x0003,0x0003,0x0003,0x0003,0x0003,0x0003,0x0003,0x0003
	.hword 0x0003,0x0003,0x0003,0x0003,0x0003,0x0003,0x0003,0x0003
	.hword 0x0003,0x0003,0x0003,0x0003,0x0003,0x0003,0x0003,0x0003
	.hword 0x0003,0x0003,0x0003,0x0003,0x0003,0x0003,0x0003,0x0003
	.hword 0x0003,0x0003,0x0003,0x0003,0x0003,0x0003,0x0003,0x0003
	.hword 0x0003,0x0003,0x0003,0x0003,0x0003,0x0003,0x0003,0x0003

	.hword 0x0C02,0x0C02,0x0C02,0x0C02,0x0C02,0x0C02,0x0C02,0x0C02
	.hword 0x0C02,0x0C02,0x0C02,0x0C02,0x0C02,0x0C02,0x0C02,0x0C02
	.hword 0x0C02,0x0C02,0x0C02,0x0C02,0x0C02,0x0C02,0x0C02,0x0C02
	.hword 0x0C02,0x0C02,0x0C02,0x0C02,0x0C02,0x0C02,0x0C02,0x0C02
	.hword 0x0002,0x0002,0x0002,0x0002,0x0002,0x0002,0x0002,0x0002
	.hword 0x0002,0x0002,0x0002,0x0002,0x0002,0x0002,0x0002,0x0002
	.hword 0x0002,0x0002,0x0002,0x0002,0x0002,0x0002,0x0002,0x0002
	.hword 0x0002,0x0002,0x0002,0x0002,0x0002,0x0002,0x0002,0x0002

	.hword 0x0003,0x0003,0x0003,0x0003,0x0003,0x0003,0x0003,0x0003
	.hword 0x0003,0x0003,0x0003,0x0003,0x0003,0x0003,0x0003,0x0003
	.hword 0x0003,0x0003,0x0003,0x0003,0x0003,0x0003,0x0003,0x0003
	.hword 0x0003,0x0003,0x0003,0x0003,0x0003,0x0003,0x0003,0x0003
	.hword 0x0C02,0x0C02,0x0C02,0x0C02,0x0C02,0x0C02,0x0C02,0x0C02
	.hword 0x0C02,0x0C02,0x0C02,0x0C02,0x0C02,0x0C02,0x0C02,0x0C02
	.hword 0x0C02,0x0C02,0x0C02,0x0C02,0x0C02,0x0C02,0x0C02,0x0C02
	.hword 0x0C02,0x0C02,0x0C02,0x0C02,0x0C02,0x0C02,0x0C02,0x0C02

	.hword 0x000D,0x000D,0x000D,0x000D,0x000D,0x000D,0x000D,0x000D
	.hword 0x000D,0x000D,0x000D,0x000D,0x000D,0x000D,0x000D,0x000D
	.hword 0x000D,0x000D,0x000D,0x000D,0x000D,0x000D,0x000D,0x000D
	.hword 0x000D,0x000D,0x000D,0x000D,0x000D,0x000D,0x000D,0x000D
	.hword 0x000D,0x000D,0x000D,0x000D,0x000D,0x000D,0x000D,0x000D
	.hword 0x000D,0x000D,0x000D,0x000D,0x000D,0x000D,0x000D,0x000D
	.hword 0x000D,0x000D,0x000D,0x000D,0x000D,0x000D,0x000D,0x000D
	.hword 0x000D,0x000D,0x000D,0x000D,0x000D,0x000D,0x000D,0x000D

	.hword 0x000D,0x000D,0x000D,0x000D,0x000D,0x000D,0x000D,0x000D
	.hword 0x000D,0x000D,0x000D,0x000D,0x000D,0x000D,0x000D,0x000D
	.hword 0x000D,0x000D,0x000D,0x000D,0x000D,0x000D,0x000D,0x000D
	.hword 0x000D,0x000D,0x000D,0x000D,0x000D,0x000D,0x000D,0x000D
	.hword 0x0C0C,0x0C0C,0x0C0C,0x0C0C,0x0C0C,0x0C0C,0x0C0C,0x0C0C
	.hword 0x0C0C,0x0C0C,0x0C0C,0x0C0C,0x0C0C,0x0C0C,0x0C0C,0x0C0C
	.hword 0x0C0C,0x0C0C,0x0C0C,0x0C0C,0x0C0C,0x0C0C,0x0C0C,0x0C0C
	.hword 0x0C0C,0x0C0C,0x0C0C,0x0C0C,0x0C0C,0x0C0C,0x0C0C,0x0C0C

	.hword 0x000C,0x000C,0x000C,0x000C,0x000C,0x000C,0x000C,0x000C
	.hword 0x000C,0x000C,0x000C,0x000C,0x000C,0x000C,0x000C,0x000C
	.hword 0x000C,0x000C,0x000C,0x000C,0x000C,0x000C,0x000C,0x000C
	.hword 0x000C,0x000C,0x000C,0x000C,0x000C,0x000C,0x000C,0x000C
	.hword 0x000D,0x000D,0x000D,0x000D,0x000D,0x000D,0x000D,0x000D
	.hword 0x000D,0x000D,0x000D,0x000D,0x000D,0x000D,0x000D,0x000D
	.hword 0x000D,0x000D,0x000D,0x000D,0x000D,0x000D,0x000D,0x000D
	.hword 0x000D,0x000D,0x000D,0x000D,0x000D,0x000D,0x000D,0x000D

	.hword 0x0C0C,0x0C0C,0x0C0C,0x0C0C,0x0C0C,0x0C0C,0x0C0C,0x0C0C
	.hword 0x0C0C,0x0C0C,0x0C0C,0x0C0C,0x0C0C,0x0C0C,0x0C0C,0x0C0C
	.hword 0x0C0C,0x0C0C,0x0C0C,0x0C0C,0x0C0C,0x0C0C,0x0C0C,0x0C0C
	.hword 0x0C0C,0x0C0C,0x0C0C,0x0C0C,0x0C0C,0x0C0C,0x0C0C,0x0C0C
	.hword 0x000B,0x000B,0x000B,0x000B,0x000B,0x000B,0x000B,0x000B
	.hword 0x000B,0x000B,0x000B,0x000B,0x000B,0x000B,0x000B,0x000B
	.hword 0x000B,0x000B,0x000B,0x000B,0x000B,0x000B,0x000B,0x000B
	.hword 0x000B,0x000B,0x000B,0x000B,0x000B,0x000B,0x000B,0x000B

	.hword 0x000B,0x000B,0x000B,0x000B,0x000B,0x000B,0x000B,0x000B
	.hword 0x000B,0x000B,0x000B,0x000B,0x000B,0x000B,0x000B,0x000B
	.hword 0x000B,0x000B,0x000B,0x000B,0x000B,0x000B,0x000B,0x000B
	.hword 0x000B,0x000B,0x000B,0x000B,0x000B,0x000B,0x000B,0x000B
	.hword 0x0C0A,0x0C0A,0x0C0A,0x0C0A,0x0C0A,0x0C0A,0x0C0A,0x0C0A
	.hword 0x0C0A,0x0C0A,0x0C0A,0x0C0A,0x0C0A,0x0C0A,0x0C0A,0x0C0A
	.hword 0x0C0A,0x0C0A,0x0C0A,0x0C0A,0x0C0A,0x0C0A,0x0C0A,0x0C0A
	.hword 0x0C0A,0x0C0A,0x0C0A,0x0C0A,0x0C0A,0x0C0A,0x0C0A,0x0C0A

	.hword 0x0009,0x0009,0x0009,0x0009,0x0009,0x0009,0x0009,0x0009
	.hword 0x0009,0x0009,0x0009,0x0009,0x0009,0x0009,0x0009,0x0009
	.hword 0x0009,0x0009,0x0009,0x0009,0x0009,0x0009,0x0009,0x0009
	.hword 0x0009,0x0009,0x0009,0x0009,0x0009,0x0009,0x0009,0x0009
	.hword 0x0009,0x0009,0x0009,0x0009,0x0009,0x0009,0x0009,0x0009
	.hword 0x0009,0x0009,0x0009,0x0009,0x0009,0x0009,0x0009,0x0009
	.hword 0x0009,0x0009,0x0009,0x0009,0x0009,0x0009,0x0009,0x0009
	.hword 0x0009,0x0009,0x0009,0x0009,0x0009,0x0009,0x0009,0x0009

	.hword 0x0009,0x0009,0x0009,0x0009,0x0009,0x0009,0x0009,0x0009
	.hword 0x0009,0x0009,0x0009,0x0009,0x0009,0x0009,0x0009,0x0009
	.hword 0x0009,0x0009,0x0009,0x0009,0x0009,0x0009,0x0009,0x0009
	.hword 0x0009,0x0009,0x0009,0x0009,0x0009,0x0009,0x0009,0x0009
	.hword 0x0009,0x0009,0x0009,0x0009,0x0009,0x0009,0x0009,0x0009
	.hword 0x0009,0x0009,0x0009,0x0009,0x0009,0x0009,0x0009,0x0009
	.hword 0x0009,0x0009,0x0009,0x0009,0x0009,0x0009,0x0009,0x0009
	.hword 0x0009,0x0009,0x0009,0x0009,0x0009,0x0009,0x0009,0x0009

	.hword 0x0C08,0x0C08,0x0C08,0x0C08,0x0C08,0x0C08,0x0C08,0x0C08
	.hword 0x0C08,0x0C08,0x0C08,0x0C08,0x0C08,0x0C08,0x0C08,0x0C08
	.hword 0x0C08,0x0C08,0x0C08,0x0C08,0x0C08,0x0C08,0x0C08,0x0C08
	.hword 0x0C08,0x0C08,0x0C08,0x0C08,0x0C08,0x0C08,0x0C08,0x0C08
	.hword 0x0007,0x0007,0x0007,0x0007,0x0007,0x0007,0x0007,0x0007
	.hword 0x0007,0x0007,0x0007,0x0007,0x0007,0x0007,0x0007,0x0007
	.hword 0x0007,0x0007,0x0007,0x0007,0x0007,0x0007,0x0007,0x0007
	.hword 0x0007,0x0007,0x0007,0x0007,0x0007,0x0007,0x0007,0x0007

	.hword 0x0007,0x0007,0x0007,0x0007,0x0007,0x0007,0x0007,0x0007
	.hword 0x0007,0x0007,0x0007,0x0007,0x0007,0x0007,0x0007,0x0007
	.hword 0x0007,0x0007,0x0007,0x0007,0x0007,0x0007,0x0007,0x0007
	.hword 0x0007,0x0007,0x0007,0x0007,0x0007,0x0007,0x0007,0x0007
	.hword 0x0007,0x0007,0x0007,0x0007,0x0007,0x0007,0x0007,0x0007
	.hword 0x0007,0x0007,0x0007,0x0007,0x0007,0x0007,0x0007,0x0007
	.hword 0x0007,0x0007,0x0007,0x0007,0x0007,0x0007,0x0007,0x0007
	.hword 0x0007,0x0007,0x0007,0x0007,0x0007,0x0007,0x0007,0x0007

	.hword 0x0C06,0x0C06,0x0C06,0x0C06,0x0C06,0x0C06,0x0C06,0x0C06
	.hword 0x0C06,0x0C06,0x0C06,0x0C06,0x0C06,0x0C06,0x0C06,0x0C06
	.hword 0x0C06,0x0C06,0x0C06,0x0C06,0x0C06,0x0C06,0x0C06,0x0C06
	.hword 0x0C06,0x0C06,0x0C06,0x0C06,0x0C06,0x0C06,0x0C06,0x0C06
	.hword 0x0005,0x0005,0x0005,0x0005,0x0005,0x0005,0x0005,0x0005
	.hword 0x0005,0x0005,0x0005,0x0005,0x0005,0x0005,0x0005,0x0005
	.hword 0x0005,0x0005,0x0005,0x0005,0x0005,0x0005,0x0005,0x0005
	.hword 0x0005,0x0005,0x0005,0x0005,0x0005,0x0005,0x0005,0x0005

	.hword 0x0005,0x0005,0x0005,0x0005,0x0005,0x0005,0x0005,0x0005
	.hword 0x0005,0x0005,0x0005,0x0005,0x0005,0x0005,0x0005,0x0005
	.hword 0x0005,0x0005,0x0005,0x0005,0x0005,0x0005,0x0005,0x0005
	.hword 0x0005,0x0005,0x0005,0x0005,0x0005,0x0005,0x0005,0x0005
	.hword 0x0005,0x0005,0x0005,0x0005,0x0005,0x0005,0x0005,0x0005
	.hword 0x0005,0x0005,0x0005,0x0005,0x0005,0x0005,0x0005,0x0005
	.hword 0x0005,0x0005,0x0005,0x0005,0x0005,0x0005,0x0005,0x0005
	.hword 0x0005,0x0005,0x0005,0x0005,0x0005,0x0005,0x0005,0x0005

	.hword 0x0C04,0x0C04,0x0C04,0x0C04,0x0C04,0x0C04,0x0C04,0x0C04
	.hword 0x0C04,0x0C04,0x0C04,0x0C04,0x0C04,0x0C04,0x0C04,0x0C04
	.hword 0x0C04,0x0C04,0x0C04,0x0C04,0x0C04,0x0C04,0x0C04,0x0C04
	.hword 0x0C04,0x0C04,0x0C04,0x0C04,0x0C04,0x0C04,0x0C04,0x0C04
	.hword 0x0003,0x0003,0x0003,0x0003,0x0003,0x0003,0x0003,0x0003
	.hword 0x0003,0x0003,0x0003,0x0003,0x0003,0x0003,0x0003,0x0003
	.hword 0x0003,0x0003,0x0003,0x0003,0x0003,0x0003,0x0003,0x0003
	.hword 0x0003,0x0003,0x0003,0x0003,0x0003,0x0003,0x0003,0x0003

	.hword 0x0003,0x0003,0x0003,0x0003,0x0003,0x0003,0x0003,0x0003
	.hword 0x0003,0x0003,0x0003,0x0003,0x0003,0x0003,0x0003,0x0003
	.hword 0x0003,0x0003,0x0003,0x0003,0x0003,0x0003,0x0003,0x0003
	.hword 0x0003,0x0003,0x0003,0x0003,0x0003,0x0003,0x0003,0x0003
	.hword 0x0003,0x0003,0x0003,0x0003,0x0003,0x0003,0x0003,0x0003
	.hword 0x0003,0x0003,0x0003,0x0003,0x0003,0x0003,0x0003,0x0003
	.hword 0x0003,0x0003,0x0003,0x0003,0x0003,0x0003,0x0003,0x0003
	.hword 0x0003,0x0003,0x0003,0x0003,0x0003,0x0003,0x0003,0x0003

	.hword 0x0003,0x0003,0x0003,0x0003,0x0003,0x0003,0x0003,0x0003
	.hword 0x0003,0x0003,0x0003,0x0003,0x0003,0x0003,0x0003,0x0003
	.hword 0x0003,0x0003,0x0003,0x0003,0x0003,0x0003,0x0003,0x0003
	.hword 0x0003,0x0003,0x0003,0x0003,0x0003,0x0003,0x0003,0x0003
	.hword 0x0003,0x0003,0x0003,0x0003,0x0003,0x0003,0x0003,0x0003
	.hword 0x0003,0x0003,0x0003,0x0003,0x0003,0x0003,0x0003,0x0003
	.hword 0x0003,0x0003,0x0003,0x0003,0x0003,0x0003,0x0003,0x0003
	.hword 0x0003,0x0003,0x0003,0x0003,0x0003,0x0003,0x0003,0x0003

	.hword 0x0C02,0x0C02,0x0C02,0x0C02,0x0C02,0x0C02,0x0C02,0x0C02
	.hword 0x0C02,0x0C02,0x0C02,0x0C02,0x0C02,0x0C02,0x0C02,0x0C02
	.hword 0x0C02,0x0C02,0x0C02,0x0C02,0x0C02,0x0C02,0x0C02,0x0C02
	.hword 0x0C02,0x0C02,0x0C02,0x0C02,0x0C02,0x0C02,0x0C02,0x0C02
	.hword 0x0002,0x0002,0x0002,0x0002,0x0002,0x0002,0x0002,0x0002
	.hword 0x0002,0x0002,0x0002,0x0002,0x0002,0x0002,0x0002,0x0002
	.hword 0x0002,0x0002,0x0002,0x0002,0x0002,0x0002,0x0002,0x0002
	.hword 0x0002,0x0002,0x0002,0x0002,0x0002,0x0002,0x0002,0x0002

	.hword 0x0003,0x0003,0x0003,0x0003,0x0003,0x0003,0x0003,0x0003
	.hword 0x0003,0x0003,0x0003,0x0003,0x0003,0x0003,0x0003,0x0003
	.hword 0x0003,0x0003,0x0003,0x0003,0x0003,0x0003,0x0003,0x0003
	.hword 0x0003,0x0003,0x0003,0x0003,0x0003,0x0003,0x0003,0x0003
	.hword 0x0C02,0x0C02,0x0C02,0x0C02,0x0C02,0x0C02,0x0C02,0x0C02
	.hword 0x0C02,0x0C02,0x0C02,0x0C02,0x0C02,0x0C02,0x0C02,0x0C02
	.hword 0x0C02,0x0C02,0x0C02,0x0C02,0x0C02,0x0C02,0x0C02,0x0C02
	.hword 0x0C02,0x0C02,0x0C02,0x0C02,0x0C02,0x0C02,0x0C02,0x0C02

	.section .rodata
	.align	2
	.global troll_tolls_painted_bg_bn_gfxPal		@ 32 unsigned chars
	.hidden troll_tolls_painted_bg_bn_gfxPal
troll_tolls_painted_bg_bn_gfxPal:
	.hword 0x1485,0x1CA8,0x2CEB,0x392D,0x4570,0x1914,0x1D36,0x1D77
	.hword 0x21B9,0x21FB,0x263C,0x269E,0x4625,0x4E65,0x52C6,0x5B07

@}}BLOCK(troll_tolls_painted_bg_bn_gfx)
